'CRGAngularShadow.ae_eventually_avoid' depends on axioms: [propext, Classical.choice, Quot.sound]
'CRGAngularShadow.ae_eventually_avoid_on_interval' depends on axioms: [propext, Classical.choice, Quot.sound]
'CRGAngularShadow.angle_le_direction_distance' depends on axioms: [propext, Classical.choice, Quot.sound]
'CRGAngularShadow.direction_distance' depends on axioms: [propext, Classical.choice, Quot.sound]
'CRGAngularShadow.family_shadow_volume_le' depends on axioms: [propext, Classical.choice, Quot.sound]
'CRGAngularShadow.norm_direction' depends on axioms: [propext, Classical.choice, Quot.sound]
'CRGAngularShadow.normalized_distance' depends on axioms: [propext, Classical.choice, Quot.sound]
'CRGAngularShadow.shadow_diameter' depends on axioms: [propext, Classical.choice, Quot.sound]
'CRGAngularShadow.shadow_volume_le' depends on axioms: [propext, Classical.choice, Quot.sound]
'CRGAsymptoticCoefficientCompleteExpansion.actualDefect_isBigO_of_completeExpansion' depends on axioms: [propext,
 Classical.choice,
 Quot.sound]
'CRGAsymptoticCoefficientCompleteExpansion.completeExpansion_of_taylor' depends on axioms: [propext,
 Classical.choice,
 Quot.sound]
'CRGAsymptoticCoefficientCompleteExpansion.finite_realization_of_completeExpansion' depends on axioms: [propext,
 Classical.choice,
 Quot.sound]
'CRGAsymptoticCoefficientCompleteExpansion.remainder_isBigO_of_completeExpansion' depends on axioms: [propext,
 Classical.choice,
 Quot.sound]
'CRGAsymptoticCoefficientMatrixTransfer.completeExpansion_neg' depends on axioms: [propext,
 Classical.choice,
 Quot.sound]
'CRGAsymptoticCoefficientMatrixTransfer.completeExpansion_of_entries' depends on axioms: [propext,
 Classical.choice,
 Quot.sound]
'CRGAsymptoticCoefficientMatrixTransfer.eval_trunc_entry' depends on axioms: [propext, Classical.choice, Quot.sound]
'CRGAsymptoticCoefficientMatrixTransfer.isBigO_matrix_of_entries' depends on axioms: [propext,
 Classical.choice,
 Quot.sound]
'CRGAsymptoticCoefficientMatrixTransfer.polynomial_completeExpansion' depends on axioms: [propext,
 Classical.choice,
 Quot.sound]
'CRGAsymptoticCoefficientPullback.coeff_expandedTruncation' depends on axioms: [propext, Classical.choice, Quot.sound]
'CRGAsymptoticCoefficientPullback.completeExpansion_monomial' depends on axioms: [propext, Classical.choice, Quot.sound]
'CRGAsymptoticCoefficientPullback.completeExpansion_power_pullback' depends on axioms: [propext,
 Classical.choice,
 Quot.sound]
'CRGAsymptoticCoefficientPullback.eval_expandedTruncation' depends on axioms: [propext, Classical.choice, Quot.sound]
'CRGAsymptoticCoefficientPullback.eval_smul' depends on axioms: [propext, Classical.choice, Quot.sound]
'CRGAsymptoticCoefficientPullback.isBigO_norm_pow_of_le' depends on axioms: [propext, Classical.choice, Quot.sound]
'CRGAsymptoticCoefficientQuotient.completeExpansion_quotient_unit' depends on axioms: [propext,
 Classical.choice,
 Quot.sound]
'CRGAsymptoticCoefficientQuotient.completeExpansion_remove_leading' depends on axioms: [propext,
 Classical.choice,
 Quot.sound]
'CRGAsymptoticCoefficientQuotient.eventually_ne_zero_of_completeExpansion' depends on axioms: [propext,
 Classical.choice,
 Quot.sound]
'CRGAsymptoticCoefficientQuotient.eventually_ne_zero_of_nonzero_series' depends on axioms: [propext,
 Classical.choice,
 Quot.sound]
'CRGAsymptoticCoefficientQuotient.flat_cancel_power' depends on axioms: [propext, Classical.choice, Quot.sound]
'CRGAsymptoticCoefficientQuotient.flat_mul_of_power_bound' depends on axioms: [propext, Classical.choice, Quot.sound]
'CRGAsymptoticCoefficientQuotient.flat_quotient' depends on axioms: [propext, Classical.choice, Quot.sound]
'CRGAsymptoticCoefficientQuotient.inverse_bounded_of_completeExpansion' depends on axioms: [propext,
 Classical.choice,
 Quot.sound]
'CRGAsymptoticCoefficientQuotient.laurentExpansion_quotient' depends on axioms: [propext, Classical.choice, Quot.sound]
'CRGAsymptoticCoefficientQuotient.nonzero_series_not_flat' depends on axioms: [propext, Classical.choice, Quot.sound]
'CRGAsymptoticCoefficientQuotient.tendsto_of_completeExpansion' depends on axioms: [propext,
 Classical.choice,
 Quot.sound]
'CRGAsymptoticCoefficientRayTail.exists_conjugated_bound' depends on axioms: [propext, Classical.choice, Quot.sound]
'CRGAsymptoticCoefficientRayTail.exists_ray_tail_bound' depends on axioms: [propext, Classical.choice, Quot.sound]
'CRGAsymptoticCoefficientRayTail.exists_small_conjugated_tail' depends on axioms: [propext,
 Classical.choice,
 Quot.sound]
'CRGAsymptoticCoefficientRayTail.power_tendsto_rayFilter' depends on axioms: [propext, Classical.choice, Quot.sound]
'CRGAsymptoticCoefficientRayTail.rayFilter_le_punctured' depends on axioms: [propext, Classical.choice, Quot.sound]
'CRGAsymptoticCoefficientScalarAlgebra.coeff_pow_eq_zero_of_lt' depends on axioms: [propext,
 Classical.choice,
 Quot.sound]
'CRGAsymptoticCoefficientScalarAlgebra.completeExpansion_add' depends on axioms: [propext, Classical.choice, Quot.sound]
'CRGAsymptoticCoefficientScalarAlgebra.completeExpansion_composition' depends on axioms: [propext,
 Classical.choice,
 Quot.sound]
'CRGAsymptoticCoefficientScalarAlgebra.completeExpansion_const' depends on axioms: [propext,
 Classical.choice,
 Quot.sound]
'CRGAsymptoticCoefficientScalarAlgebra.completeExpansion_mul' depends on axioms: [propext, Classical.choice, Quot.sound]
'CRGAsymptoticCoefficientScalarAlgebra.completeExpansion_of_polynomial_approximations' depends on axioms: [propext,
 Classical.choice,
 Quot.sound]
'CRGAsymptoticCoefficientScalarAlgebra.completeExpansion_of_taylor' depends on axioms: [propext,
 Classical.choice,
 Quot.sound]
'CRGAsymptoticCoefficientScalarAlgebra.completeExpansion_pow' depends on axioms: [propext, Classical.choice, Quot.sound]
'CRGAsymptoticCoefficientScalarAlgebra.completeExpansion_sub' depends on axioms: [propext, Classical.choice, Quot.sound]
'CRGAsymptoticCoefficientScalarAlgebra.completeExpansion_sum' depends on axioms: [propext, Classical.choice, Quot.sound]
'CRGAsymptoticCoefficientScalarAlgebra.exists_completeExpansion_of_analyticAt' depends on axioms: [propext,
 Classical.choice,
 Quot.sound]
'CRGAsymptoticCoefficientScalarAlgebra.trunc_finiteComposition' depends on axioms: [propext,
 Classical.choice,
 Quot.sound]
'CRGCollectedEquation.CollectedEquation.subtype_equation' depends on axioms: [propext, Classical.choice, Quot.sound]
'CRGCollectedEquation.coefficientGroup_top' depends on axioms: [propext, Classical.choice, Quot.sound]
'CRGCollectedEquation.coefficient_group_sum' depends on axioms: [propext, Classical.choice, Quot.sound]
'CRGCollectedEquation.collected_identity' depends on axioms: [propext, Classical.choice, Quot.sound]
'CRGCollectedEquation.exists_collected_equation' depends on axioms: [propext, Classical.choice, Quot.sound]
'CRGCollectedEquation.raw_equation' depends on axioms: [propext, Classical.choice, Quot.sound]
'CRGCollectedResidual.common_jet_bound' depends on axioms: [propext, Classical.choice, Quot.sound]
'CRGCollectedResidual.exists_residual_control' depends on axioms: [propext, Classical.choice, Quot.sound]
'CRGCollectedResidual.groupValue_continuous' depends on axioms: [propext, Classical.choice, Quot.sound]
'CRGCompanion.companion_mulVec_castSucc' depends on axioms: [propext, Classical.choice, Quot.sound]
'CRGCompanion.companion_mulVec_last' depends on axioms: [propext, Classical.choice, Quot.sound]
'CRGCompanion.differentiable_iteratedDeriv' depends on axioms: [propext, Classical.choice, Quot.sound]
'CRGCompanion.jet_component_hasDerivAt' depends on axioms: [propext, Classical.choice, Quot.sound]
'CRGCompanion.jet_hasDerivAt_of_scalar_equation' depends on axioms: [propext, Classical.choice, Quot.sound]
'CRGCompanion.jet_polynomial_comparison' depends on axioms: [propext, Classical.choice, Quot.sound]
'CRGCompanion.norm_perturbation_le' depends on axioms: [propext, Classical.choice, Quot.sound]
'CRGCompanion.perturbation_continuousOn' depends on axioms: [propext, Classical.choice, Quot.sound]
'CRGCompanion.perturbation_mulVec' depends on axioms: [propext, Classical.choice, Quot.sound]
'CRGCompanionComparison.scalar_ray_comparison' depends on axioms: [propext, Classical.choice, Quot.sound]
'CRGExponentialCoefficientGroups.exists_monic_groups' depends on axioms: [propext, Classical.choice, Quot.sound]
'CRGExponentialCoefficients.distinct_normalized_nonconstant' depends on axioms: [propext, Classical.choice, Quot.sound]
'CRGExponentialCoefficients.grouped_sum' depends on axioms: [propext, Classical.choice, Quot.sound]
'CRGExponentialCoefficients.normalizedExponent_zero' depends on axioms: [propext, Classical.choice, Quot.sound]
'CRGExponentialCoefficients.normalized_term' depends on axioms: [propext, Classical.choice, Quot.sound]
'CRGExponentialDominance.ae_exists_dominant_group' depends on axioms: [propext, Classical.choice, Quot.sound]
'CRGExponentialDominance.ae_goodDirection' depends on axioms: [propext, Classical.choice, Quot.sound]
'CRGExponentialDominance.eventually_linear_negative' depends on axioms: [propext, Classical.choice, Quot.sound]
'CRGExponentialDominance.exists_dominant_group' depends on axioms: [propext, Classical.choice, Quot.sound]
'CRGExponentialDominance.leading_coefficient_on_ray' depends on axioms: [propext, Classical.choice, Quot.sound]
'CRGExponentialExpansionConclusion.ae_sector_cover' depends on axioms: [propext, Classical.choice, Quot.sound]
'CRGExponentialExpansionConclusion.of_exponential_expansion_groups' depends on axioms: [propext,
 Classical.choice,
 Quot.sound]
'CRGExponentialExpansionGroupsBuilder.exists_groups' depends on axioms: [propext, Classical.choice, Quot.sound]
'CRGExponentialExpansionSector.Groups.ae_sector_cover' depends on axioms: [propext, Classical.choice, Quot.sound]
'CRGExponentialExpansionSector.Groups.normalized_expansion' depends on axioms: [propext, Classical.choice, Quot.sound]
'CRGExponentialExpansionSector.Groups.sector' depends on axioms: [propext, Classical.choice, Quot.sound]
'CRGExponentialExpansionSector.exponential_flat_on_local_ray' depends on axioms: [propext, Classical.choice, Quot.sound]
'CRGExponentialExpansionSector.flat_times_expansion' depends on axioms: [propext, Classical.choice, Quot.sound]
'CRGFinitePhaseEndgame.ae_all_leading_ne_zero' depends on axioms: [propext, Classical.choice, Quot.sound]
'CRGFinitePhaseEndgame.ae_leading_ne_zero' depends on axioms: [propext, Classical.choice, Quot.sound]
'CRGFinitePhaseEndgame.ae_rayData_of_phase_comparison' depends on axioms: [propext, Classical.choice, Quot.sound]
'CRGFinitePhaseEndgame.complete_of_finite_phases' depends on axioms: [propext, Classical.choice, Quot.sound]
'CRGFinitePhaseEndgame.leading_eq_monomial' depends on axioms: [propext, Classical.choice, Quot.sound]
'CRGFinitePhaseEndgame.natDegree_pos_of_normalized' depends on axioms: [propext, Classical.choice, Quot.sound]
'CRGFinitePhaseWindowEndgame.complete_of_finite_phases_window' depends on axioms: [propext,
 Classical.choice,
 Quot.sound]
'CRGGeneralRayComparison.exists_perturbed_fundamental' depends on axioms: [propext, Classical.choice, Quot.sound]
'CRGGeneralRayComparison.gauge_continuousOn' depends on axioms: [propext, Classical.choice, Quot.sound]
'CRGGeneralRayComparison.gauge_operator_norm_bound' depends on axioms: [propext, Classical.choice, Quot.sound]
'CRGGeneralRayComparison.ray_comparison' depends on axioms: [propext, Classical.choice, Quot.sound]
'CRGGeneralRayComparison.represented_scalar_log_comparison' depends on axioms: [propext, Classical.choice, Quot.sound]
'CRGGeneralRayComparison.smallConjugatedTails_of_exponential' depends on axioms: [propext, Classical.choice, Quot.sound]
'CRGGeneralRayFlatTail.smallConjugatedTails_of_flat' depends on axioms: [propext, Classical.choice, Quot.sound]
'CRGGeneralRayFlatTail.smallConjugatedTails_of_flat_inverse_powers' depends on axioms: [propext,
 Classical.choice,
 Quot.sound]
'CRGGeneralRayFlatTail.smallConjugatedTails_of_power' depends on axioms: [propext, Classical.choice, Quot.sound]
'CRGGeneralRayGauge.exists_approximateRayGauge_of_laurent_regular' depends on axioms: [propext,
 Classical.choice,
 Quot.sound]
'CRGGeneralRayGauge.exists_exact_rayGauge' depends on axioms: [propext, Classical.choice, Quot.sound]
'CRGGeneralRayGauge.exists_exact_rayGauge_of_laurent_regular' depends on axioms: [propext, Classical.choice, Quot.sound]
'CRGGeneralRayGauge.exists_exact_rayGauge_of_puiseux_phases' depends on axioms: [propext, Classical.choice, Quot.sound]
'CRGGeneralRayRamification.descend_rayGauge' depends on axioms: [propext, Classical.choice, Quot.sound]
'CRGGroupHighest.eval_polynomial_quotient' depends on axioms: [propext, Classical.choice, Quot.sound]
'CRGGroupHighest.exists_highest' depends on axioms: [propext, Classical.choice, Quot.sound]
'CRGGroupHighest.normalized_residual_eq_one_of_order_zero' depends on axioms: [propext, Classical.choice, Quot.sound]
'CRGGroupHighest.order_pos_of_residual_ne_one' depends on axioms: [propext, Classical.choice, Quot.sound]
'CRGGroupHighest.polynomial_group_truncate' depends on axioms: [propext, Classical.choice, Quot.sound]
'CRGGroupHighest.positive_reduced_differential_equation' depends on axioms: [propext, Classical.choice, Quot.sound]
'CRGGroupHighest.quotient_eq_function_of_order_zero' depends on axioms: [propext, Classical.choice, Quot.sound]
'CRGGroupHighest.rationalCoeff_eval' depends on axioms: [propext, Classical.choice, Quot.sound]
'CRGGroupHighest.reduced_differential_equation' depends on axioms: [propext, Classical.choice, Quot.sound]
'CRGGroupHighest.reduced_differential_equation_of_quotient' depends on axioms: [propext, Classical.choice, Quot.sound]
'CRGGroupHighest.reduced_equation' depends on axioms: [propext, Classical.choice, Quot.sound]
'CRGGroupHighest.sum_truncate' depends on axioms: [propext, Classical.choice, Quot.sound]
'CRGGroupResidual.differential_group_bound' depends on axioms: [propext, Classical.choice, Quot.sound]
'CRGGroupResidual.epsilon_bound' depends on axioms: [propext, Classical.choice, Quot.sound]
'CRGGroupResidual.epsilon_continuousOn' depends on axioms: [propext, Classical.choice, Quot.sound]
'CRGGroupResidual.epsilon_eventually_ne_one' depends on axioms: [propext, Classical.choice, Quot.sound]
'CRGGroupResidual.epsilon_identity' depends on axioms: [propext, Classical.choice, Quot.sound]
'CRGGroupResidual.epsilon_tendsto_zero' depends on axioms: [propext, Classical.choice, Quot.sound]
'CRGGroupResidual.exact_reduced_equation' depends on axioms: [propext, Classical.choice, Quot.sound]
'CRGGroupResidual.finite_polynomial_quotient_bound' depends on axioms: [propext, Classical.choice, Quot.sound]
'CRGGroupResidual.normalized_group_equation' depends on axioms: [propext, Classical.choice, Quot.sound]
'CRGGroupResidual.polynomial_quotient_bound' depends on axioms: [propext, Classical.choice, Quot.sound]
'CRGGroupResidual.uniform_differential_group_ray_bound' depends on axioms: [propext, Classical.choice, Quot.sound]
'CRGGundersenDyadic.ae_normalized_logDeriv_bound' depends on axioms: [propext, Classical.choice, Quot.sound]
'CRGGundersenDyadic.dyadic_budget_summable' depends on axioms: [propext, Classical.choice, Quot.sound]
'CRGGundersenDyadic.rpow_near_bound' depends on axioms: [propext, Classical.choice, Quot.sound]
'CRGHalfline.exists_column' depends on axioms: [propext, Classical.choice, Quot.sound]
'CRGIndicatorAlternatives.alternatives_everywhere' depends on axioms: [propext, Classical.choice, Quot.sound]
'CRGIndicatorAlternatives.finite_positive_type_witness' depends on axioms: [propext, Classical.choice, Quot.sound]
'CRGIndicatorAlternatives.indicator_alternatives' depends on axioms: [propext, Classical.choice, Quot.sound]
'CRGIndicatorAlternatives.indicator_eq_of_limit' depends on axioms: [propext, Classical.choice, Quot.sound]
'CRGIndicatorAlternatives.order_mem_of_ae_rayData' depends on axioms: [propext, Classical.choice, Quot.sound]
'CRGIndicatorCorollary.corollary_3_6_part_one' depends on axioms: [propext, Classical.choice, Quot.sound]
'CRGIndicatorCorollary.exists_fixed_indicator_partition' depends on axioms: [propext, Classical.choice, Quot.sound]
'CRGIndicatorCorollary.finite_actual_solution_indicator_pairs' depends on axioms: [propext,
 Classical.choice,
 Quot.sound]
'CRGIndicatorCorollary.finite_solution_indicator_pairs' depends on axioms: [propext, Classical.choice, Quot.sound]
'CRGIndicatorFinite.angleDirection_arg' depends on axioms: [propext, Classical.choice, Quot.sound]
'CRGIndicatorFinite.exists_adjacent' depends on axioms: [propext, Classical.choice, Quot.sound]
'CRGIndicatorFinite.finite_continuous_indicators' depends on axioms: [propext, Classical.choice, Quot.sound]
'CRGIndicatorFixedPhases.EquationData.exists_fixed_phases' depends on axioms: [propext, Classical.choice, Quot.sound]
'CRGIndicatorFixedPhases.exists_fixed_equation_data' depends on axioms: [propext, Classical.choice, Quot.sound]
'CRGIndicatorPartition.collisionDirections_finite' depends on axioms: [propext, Classical.choice, Quot.sound]
'CRGIndicatorPartition.equality_directions_finite' depends on axioms: [propext, Classical.choice, Quot.sound]
'CRGIndicatorPartition.indicator_on_interval' depends on axioms: [propext, Classical.choice, Quot.sound]
'CRGIndicatorPartition.leadingReal_zero_finite' depends on axioms: [propext, Classical.choice, Quot.sound]
'CRGIndicatorPartition.one_alternative_on_preconnected' depends on axioms: [propext, Classical.choice, Quot.sound]
'CRGIndicatorPeriodicRays.ae_of_periodic_of_ae_restrict' depends on axioms: [propext, Classical.choice, Quot.sound]
'CRGIndicatorPeriodicRays.ae_rayData_of_Ioc_phase_comparison' depends on axioms: [propext, Classical.choice, Quot.sound]
'CRGIndicatorPeriodicRays.ae_restrict_rayData_of_phase_comparison' depends on axioms: [propext,
 Classical.choice,
 Quot.sound]
'CRGIndicatorPeriodicRays.ae_toIocMod_of_ae_restrict' depends on axioms: [propext, Classical.choice, Quot.sound]
'CRGIndicatorPeriodicRays.complete_of_Ioc_finite_phases' depends on axioms: [propext, Classical.choice, Quot.sound]
'CRGIndicatorPeriodicRays.point_periodic' depends on axioms: [propext, Classical.choice, Quot.sound]
'CRGIndicatorPeriodicRays.point_toIocMod' depends on axioms: [propext, Classical.choice, Quot.sound]
'CRGIndicatorPeriodicRays.rayData_of_toIocMod' depends on axioms: [propext, Classical.choice, Quot.sound]
'CRGLevinAnalytic.harmonic_half_disk_oscillation' depends on axioms: [propext, Classical.choice, Quot.sound]
'CRGLevinAnalytic.harmonic_harnack_lower' depends on axioms: [propext, Classical.choice, Quot.sound]
'CRGLevinAnalytic.harmonic_harnack_two_points' depends on axioms: [propext, Classical.choice, Quot.sound]
'CRGLevinAnalytic.harmonic_harnack_upper' depends on axioms: [propext, Classical.choice, Quot.sound]
'CRGLevinAnalytic.log_norm_half_disk_oscillation' depends on axioms: [propext, Classical.choice, Quot.sound]
'CRGLevinAnalytic.log_norm_lower_bound' depends on axioms: [propext, Classical.choice, Quot.sound]
'CRGLevinAnalytic.log_norm_lower_bound_from_point' depends on axioms: [propext, Classical.choice, Quot.sound]
'CRGLevinAnalytic.log_norm_quarter_disk_oscillation' depends on axioms: [propext, Classical.choice, Quot.sound]
'CRGLevinAnalytic.normalized_log_norm_oscillation' depends on axioms: [propext, Classical.choice, Quot.sound]
'CRGLevinAnalytic.poisson_kernel_half_disk_bound' depends on axioms: [propext, Classical.choice, Quot.sound]
'CRGLevinAnalytic.zero_count_exp_bound' depends on axioms: [propext, Classical.choice, Quot.sound]
'CRGLevinAnalytic.zero_count_finite_type' depends on axioms: [propext, Classical.choice, Quot.sound]
'CRGLevinCanonicalKernel.canonicalFactor_circle_uniform_bound' depends on axioms: [propext,
 Classical.choice,
 Quot.sound]
'CRGLevinCanonicalKernel.canonicalFactor_log_difference' depends on axioms: [propext, Classical.choice, Quot.sound]
'CRGLevinCanonicalKernel.canonical_numerator_log_difference' depends on axioms: [propext, Classical.choice, Quot.sound]
'CRGLevinCanonicalKernel.canonical_numerator_lower' depends on axioms: [propext, Classical.choice, Quot.sound]
'CRGLevinLogKernel.abs_log_sub_le' depends on axioms: [propext, Classical.choice, Quot.sound]
'CRGLevinLogKernel.circular_zero_factor_log_difference' depends on axioms: [propext, Classical.choice, Quot.sound]
'CRGLevinLogKernel.circular_zero_factor_uniform_bound' depends on axioms: [propext, Classical.choice, Quot.sound]
'CRGLevinLogKernel.integral_radialKernel' depends on axioms: [propext, Classical.choice, Quot.sound]
'CRGLevinLogKernel.integral_radialKernel_dyadic_bound' depends on axioms: [propext, Classical.choice, Quot.sound]
'CRGLevinLogKernel.integral_radialKernel_scale' depends on axioms: [propext, Classical.choice, Quot.sound]
'CRGLevinLogKernel.integral_radialKernel_shift_bound' depends on axioms: [propext, Classical.choice, Quot.sound]
'CRGLevinLogKernel.integral_radialKernel_symmetric' depends on axioms: [propext, Classical.choice, Quot.sound]
'CRGLevinLogKernel.integral_radialKernel_unit_bound' depends on axioms: [propext, Classical.choice, Quot.sound]
'CRGLevinLogKernel.radialKernel_eq_log_sub' depends on axioms: [propext, Classical.choice, Quot.sound]
'CRGLevinLogKernel.radialKernel_intervalIntegrable' depends on axioms: [propext, Classical.choice, Quot.sound]
'CRGLevinLogKernel.radialKernel_intervalIntegrable_all' depends on axioms: [propext, Classical.choice, Quot.sound]
'CRGLevinLogKernel.radialKernel_modulus_tendsto_zero' depends on axioms: [propext, Classical.choice, Quot.sound]
'CRGLevinLogKernel.radialKernel_nonneg' depends on axioms: [propext, Classical.choice, Quot.sound]
'CRGLevinLogKernel.zero_factor_log_difference' depends on axioms: [propext, Classical.choice, Quot.sound]
'CRGLinearKernel.CoefficientData.differentiable_coefficient' depends on axioms: [propext, Classical.choice, Quot.sound]
'CRGLinearKernel.CoefficientData.endpoint_expansion' depends on axioms: [propext, Classical.choice, Quot.sound]
'CRGLinearKernel.CoefficientData.sourceGroups_cover' depends on axioms: [propext, Classical.choice, Quot.sound]
'CRGLinearKernel.cell_exists_exponential_groups' depends on axioms: [propext, Classical.choice, Quot.sound]
'CRGLinearKernel.corollary_5_2' depends on axioms: [propext, Classical.choice, Quot.sound]
'CRGLinearKernelActiveCells.extreme_lower_cell' depends on axioms: [propext, Classical.choice, Quot.sound]
'CRGLinearKernelActiveCells.extreme_upper_cell' depends on axioms: [propext, Classical.choice, Quot.sound]
'CRGLinearKernelActiveCells.kernel_zero_of_cell_deleted' depends on axioms: [propext, Classical.choice, Quot.sound]
'CRGLinearKernelActiveCells.sum_kernels_eq_surviving_cells' depends on axioms: [propext, Classical.choice, Quot.sound]
'CRGLinearKernelCancellation.analytic_germs_eq_of_jets_eq' depends on axioms: [propext, Classical.choice, Quot.sound]
'CRGLinearKernelCancellation.analytic_glue' depends on axioms: [propext, Classical.choice, Quot.sound]
'CRGLinearKernelCancellation.kernel_glue' depends on axioms: [propext, Classical.choice, Quot.sound]
'CRGLinearKernelCancellation.kernel_zero_of_endpoint_jets_zero' depends on axioms: [propext,
 Classical.choice,
 Quot.sound]
'CRGLinearKernelCancellation.zero_on_interval_of_endpoint_jets_zero' depends on axioms: [propext,
 Classical.choice,
 Quot.sound]
'CRGLinearKernelCellPackets.coefficient_representation' depends on axioms: [propext, Classical.choice, Quot.sound]
'CRGLinearKernelCellPackets.exists_all_packet_series' depends on axioms: [propext, Classical.choice, Quot.sound]
'CRGLinearKernelCellPackets.exists_packet_series' depends on axioms: [propext, Classical.choice, Quot.sound]
'CRGLinearKernelEntire.differentiable_kernel' depends on axioms: [propext, Classical.choice, Quot.sound]
'CRGLinearKernelEntire.differentiable_linearKernel' depends on axioms: [propext, Classical.choice, Quot.sound]
'CRGLinearKernelEntire.kernel_affine' depends on axioms: [propext, Classical.choice, Quot.sound]
'CRGLinearKernelExpansion.analytic_jet' depends on axioms: [propext, Classical.choice, Quot.sound]
'CRGLinearKernelExpansion.endpoint_expansion_bound' depends on axioms: [propext, Classical.choice, Quot.sound]
'CRGLinearKernelExpansion.endpoint_expansion_exact' depends on axioms: [propext, Classical.choice, Quot.sound]
'CRGLinearKernelFarEndpoint.normalized_far_upper_kernel_flat' depends on axioms: [propext, Classical.choice, Quot.sound]
'CRGLinearKernelFarEndpoint.normalized_upper_kernel_bound' depends on axioms: [propext, Classical.choice, Quot.sound]
'CRGLinearKernelFarEndpointLower.normalized_far_lower_kernel_flat' depends on axioms: [propext,
 Classical.choice,
 Quot.sound]
'CRGLinearKernelGroupAssembly.exists_groups_of_packets' depends on axioms: [propext, Classical.choice, Quot.sound]
'CRGLinearKernelGroupAssembly.head_degree_le' depends on axioms: [propext, Classical.choice, Quot.sound]
'CRGLinearKernelHolomorphicExpansion.expansion_bound' depends on axioms: [propext, Classical.choice, Quot.sound]
'CRGLinearKernelHolomorphicExpansion.expansion_exact' depends on axioms: [propext, Classical.choice, Quot.sound]
'CRGLinearKernelHolomorphicExpansion.jet_continuous' depends on axioms: [propext, Classical.choice, Quot.sound]
'CRGLinearKernelHolomorphicExpansion.jet_derivative' depends on axioms: [propext, Classical.choice, Quot.sound]
'CRGLinearKernelHolomorphicExpansion.linearKernel_expansion_bound' depends on axioms: [propext,
 Classical.choice,
 Quot.sound]
'CRGLinearKernelIntegration.integration_by_parts' depends on axioms: [propext, Classical.choice, Quot.sound]
'CRGLinearKernelIntegration.iterated_integration_by_parts' depends on axioms: [propext, Classical.choice, Quot.sound]
'CRGLinearKernelIntegration.norm_exact_remainder_le' depends on axioms: [propext, Classical.choice, Quot.sound]
'CRGLinearKernelIntegration.norm_kernel_le' depends on axioms: [propext, Classical.choice, Quot.sound]
'CRGLinearKernelIntegration.real_exponential_integral' depends on axioms: [propext, Classical.choice, Quot.sound]
'CRGLinearKernelLineEndpoints.coefficient_eq_active_packets' depends on axioms: [propext, Classical.choice, Quot.sound]
'CRGLinearKernelLineEndpoints.lowerDensity_nonzero' depends on axioms: [propext, Classical.choice, Quot.sound]
'CRGLinearKernelLineEndpoints.lowerEnd_lt_other' depends on axioms: [propext, Classical.choice, Quot.sound]
'CRGLinearKernelLineEndpoints.other_upperEnd_lt' depends on axioms: [propext, Classical.choice, Quot.sound]
'CRGLinearKernelLineEndpoints.upperDensity_nonzero' depends on axioms: [propext, Classical.choice, Quot.sound]
'CRGLinearKernelLineGeometry.line_eq_of_nonzero_intersection' depends on axioms: [propext, Classical.choice, Quot.sound]
'CRGLinearKernelLinePackets.integral_sum_eq_packets' depends on axioms: [propext, Classical.choice, Quot.sound]
'CRGLinearKernelLinePackets.normalizedWeight_analytic' depends on axioms: [propext, Classical.choice, Quot.sound]
'CRGLinearKernelLinePackets.packet_eq_interval_sum' depends on axioms: [propext, Classical.choice, Quot.sound]
'CRGLinearKernelLinePackets.packet_lower_endpoint' depends on axioms: [propext, Classical.choice, Quot.sound]
'CRGLinearKernelLinePackets.packet_upper_endpoint' depends on axioms: [propext, Classical.choice, Quot.sound]
'CRGLinearKernelLines.density_analytic' depends on axioms: [propext, Classical.choice, Quot.sound]
'CRGLinearKernelLines.kernel_rescale' depends on axioms: [propext, Classical.choice, Quot.sound]
'CRGLinearKernelLines.line_ne_zero' depends on axioms: [propext, Classical.choice, Quot.sound]
'CRGLinearKernelLines.linearKernel_on_line' depends on axioms: [propext, Classical.choice, Quot.sound]
'CRGLinearKernelLines.lower_lt_upper' depends on axioms: [propext, Classical.choice, Quot.sound]
'CRGLinearKernelLines.scale_ne_zero' depends on axioms: [propext, Classical.choice, Quot.sound]
'CRGLinearKernelLines.slope_eq_scale_line' depends on axioms: [propext, Classical.choice, Quot.sound]
'CRGLinearKernelNonzeroInterior.exists_nonzero_interior' depends on axioms: [propext, Classical.choice, Quot.sound]
'CRGLinearKernelPacketExpansion.exists_lower_or_zero_series' depends on axioms: [propext, Classical.choice, Quot.sound]
'CRGLinearKernelPacketExpansion.exists_lower_packet_expansion' depends on axioms: [propext,
 Classical.choice,
 Quot.sound]
'CRGLinearKernelPacketExpansion.exists_upper_or_zero_series' depends on axioms: [propext, Classical.choice, Quot.sound]
'CRGLinearKernelPacketExpansion.exists_upper_packet_expansion' depends on axioms: [propext,
 Classical.choice,
 Quot.sound]
'CRGLinearKernelSourceExpansion.affineWeight_analytic' depends on axioms: [propext, Classical.choice, Quot.sound]
'CRGLinearKernelSourceExpansion.affineWeight_nonzero' depends on axioms: [propext, Classical.choice, Quot.sound]
'CRGLinearKernelSourceExpansion.exists_lower_completeExpansion' depends on axioms: [propext,
 Classical.choice,
 Quot.sound]
'CRGLinearKernelSourceExpansion.exists_upper_completeExpansion' depends on axioms: [propext,
 Classical.choice,
 Quot.sound]
'CRGLinearKernelSourceExpansion.kernel_affine_phase' depends on axioms: [propext, Classical.choice, Quot.sound]
'CRGLinearKernelSourceExpansion.kernel_reflection' depends on axioms: [propext, Classical.choice, Quot.sound]
'CRGLinearKernelSourceExpansion.normalized_kernel_affine' depends on axioms: [propext, Classical.choice, Quot.sound]
'CRGLinearKernelSourceExpansion.reflectedWeight_analytic' depends on axioms: [propext, Classical.choice, Quot.sound]
'CRGLinearKernelSourceExpansion.reflectedWeight_nonzero' depends on axioms: [propext, Classical.choice, Quot.sound]
'CRGLinearKernelSubdivision.Subdivision.cellWeight_analytic' depends on axioms: [propext, Classical.choice, Quot.sound]
'CRGLinearKernelSubdivision.Subdivision.kernel_eq_cell_sum' depends on axioms: [propext, Classical.choice, Quot.sound]
'CRGLinearKernelSubdivision.Subdivision.sum_kernels_eq_cellWeights' depends on axioms: [propext,
 Classical.choice,
 Quot.sound]
'CRGLinearKernelSubdivision.exists_subdivision' depends on axioms: [propext, Classical.choice, Quot.sound]
'CRGOrder.UpperOrder.mono' depends on axioms: [propext, Classical.choice, Quot.sound]
'CRGOrder.eventually_mul_rpow_le' depends on axioms: [propext, Classical.choice, Quot.sound]
'CRGOrder.finitePositiveType_isOrder' depends on axioms: [propext, Classical.choice, Quot.sound]
'CRGOrder.le_upperOrder_of_positiveType' depends on axioms: [propext, Classical.choice, Quot.sound]
'CRGOrder.upperOrder_of_finiteType' depends on axioms: [propext, Classical.choice, Quot.sound]
'CRGOrderAE.complete_of_ae_rayData' depends on axioms: [propext, Classical.choice, Quot.sound]
'CRGOrderAE.select_ae_rayData' depends on axioms: [propext, Classical.choice, Quot.sound]
'CRGOrderLevin.continuous_angleDirection' depends on axioms: [propext, Classical.choice, Quot.sound]
'CRGOrderLevin.degree_le_of_two_sided' depends on axioms: [propext, Classical.choice, Quot.sound]
'CRGOrderLevin.manuscriptCRG_of_rayData' depends on axioms: [propext, Classical.choice, Quot.sound]
'CRGOrderLevin.manuscriptCRG_of_two_sided' depends on axioms: [propext, Classical.choice, Quot.sound]
'CRGOrderLevin.rayRegular_of_limit' depends on axioms: [propext, Classical.choice, Quot.sound]
'CRGOrderLevin.surjective_angleDirection' depends on axioms: [propext, Classical.choice, Quot.sound]
'CRGOrderPhaseCriterion.exists_positive_leading' depends on axioms: [propext, Classical.choice, Quot.sound]
'CRGOrderPhaseCriterion.finite_positive_type' depends on axioms: [propext, Classical.choice, Quot.sound]
'CRGOrderPhaseCriterion.positive_rational_order' depends on axioms: [propext, Classical.choice, Quot.sound]
'CRGOrderPhaseData.logarithmic_error_limit' depends on axioms: [propext, Classical.choice, Quot.sound]
'CRGOrderPhaseData.rayData_of_polynomial_phase' depends on axioms: [propext, Classical.choice, Quot.sound]
'CRGOrderPolynomialPhases.positive_rational_order_of_phases' depends on axioms: [propext, Classical.choice, Quot.sound]
'CRGOrderRay.negative_leading_bounded' depends on axioms: [propext, Classical.choice, Quot.sound]
'CRGOrderRay.norm_le_exp_of_log_le' depends on axioms: [propext, Classical.choice, Quot.sound]
'CRGOrderRay.normalized_limit' depends on axioms: [propext, Classical.choice, Quot.sound]
'CRGOrderRay.positive_leading_lower' depends on axioms: [propext, Classical.choice, Quot.sound]
'CRGOrderRay.positive_leading_upper' depends on axioms: [propext, Classical.choice, Quot.sound]
'CRGOrderRay.zero_degree_polynomial' depends on axioms: [propext, Classical.choice, Quot.sound]
'CRGOrderRay.zero_degree_upper' depends on axioms: [propext, Classical.choice, Quot.sound]
'CRGOrderRay.zero_normalized_limit' depends on axioms: [propext, Classical.choice, Quot.sound]
'CRGPhaseAsymptotics.coeff_realPhasePolynomial' depends on axioms: [propext, Classical.choice, Quot.sound]
'CRGPhaseAsymptotics.natDegree_realPhasePolynomial_le' depends on axioms: [propext, Classical.choice, Quot.sound]
'CRGPhaseAsymptotics.phase_normalized_limit' depends on axioms: [propext, Classical.choice, Quot.sound]
'CRGPhaseAsymptotics.polynomial_normalized_limit' depends on axioms: [propext, Classical.choice, Quot.sound]
'CRGPhaseAsymptotics.realPhasePolynomial_degree' depends on axioms: [propext, Classical.choice, Quot.sound]
'CRGPhaseAsymptotics.realPhasePolynomial_leadingCoeff' depends on axioms: [propext, Classical.choice, Quot.sound]
'CRGPhaseDirections.leadingReal_ae_ne_zero' depends on axioms: [propext, Classical.choice, Quot.sound]
'CRGPhaseDirections.leadingReal_eq_cos' depends on axioms: [propext, Classical.choice, Quot.sound]
'CRGPhaseDirections.leadingReal_zero_countable' depends on axioms: [propext, Classical.choice, Quot.sound]
'CRGPhragmenGlobal.finiteType_of_dense' depends on axioms: [propext, Classical.choice, Quot.sound]
'CRGPhragmenGlobal.global_bound_of_dense' depends on axioms: [propext, Classical.choice, Quot.sound]
'CRGPhragmenGrowth.between_rays' depends on axioms: [propext, Classical.choice, Quot.sound]
'CRGPhragmenGrowth.lift_bound_of_upperOrder' depends on axioms: [propext, Classical.choice, Quot.sound]
'CRGPhragmenGrowth.local_bound_of_dense' depends on axioms: [propext, Classical.choice, Quot.sound]
'CRGPhragmenPolynomial.denominator_norm_upper' depends on axioms: [propext, Classical.choice, Quot.sound]
'CRGPhragmenPolynomial.denominator_re' depends on axioms: [propext, Classical.choice, Quot.sound]
'CRGPhragmenPolynomial.strip_bound' depends on axioms: [propext, Classical.choice, Quot.sound]
'CRGPhragmenPolynomialGlobal.between_rays' depends on axioms: [propext, Classical.choice, Quot.sound]
'CRGPhragmenPolynomialGlobal.global_bound_of_dense' depends on axioms: [propext, Classical.choice, Quot.sound]
'CRGPhragmenPolynomialGlobal.local_bound_of_dense' depends on axioms: [propext, Classical.choice, Quot.sound]
'CRGPhragmenPolynomialRay.dense_eventual_polynomial_bound' depends on axioms: [propext, Classical.choice, Quot.sound]
'CRGPhragmenPolynomialRay.rayBound_of_eventual' depends on axioms: [propext, Classical.choice, Quot.sound]
'CRGPhragmenRay.dense_eventual_finiteType' depends on axioms: [propext, Classical.choice, Quot.sound]
'CRGPhragmenRay.exp_lift' depends on axioms: [propext, Classical.choice, Quot.sound]
'CRGPhragmenRay.rayBound_of_eventual' depends on axioms: [propext, Classical.choice, Quot.sound]
'CRGPhragmenStrip.angular_bound' depends on axioms: [propext, Classical.choice, Quot.sound]
'CRGPhragmenStrip.norm_damped' depends on axioms: [propext, Classical.choice, Quot.sound]
'CRGPolynomialGroupComparison.group_ray_comparison' depends on axioms: [propext, Classical.choice, Quot.sound]
'CRGPolynomialGrowth.derivative_growth' depends on axioms: [propext, Classical.choice, Quot.sound]
'CRGPolynomialGrowth.exists_polynomial_of_growth' depends on axioms: [propext, Classical.choice, Quot.sound]
'CRGPolynomialKernel.Cell.clearing_bound' depends on axioms: [propext, Classical.choice, Quot.sound]
'CRGPolynomialKernel.Cell.density_integrable' depends on axioms: [propext, Classical.choice, Quot.sound]
'CRGPolynomialKernel.Cell.exists_decayingSeries' depends on axioms: [propext, Classical.choice, Quot.sound]
'CRGPolynomialKernel.Cell.exists_exponential_groups' depends on axioms: [propext, Classical.choice, Quot.sound]
'CRGPolynomialKernel.Cell.growing_kernel_sum' depends on axioms: [propext, Classical.choice, Quot.sound]
'CRGPolynomialKernel.CoefficientData.differentiable_coefficient' depends on axioms: [propext,
 Classical.choice,
 Quot.sound]
'CRGPolynomialKernel.CoefficientData.full_coefficient_representation' depends on axioms: [propext,
 Classical.choice,
 Quot.sound]
'CRGPolynomialKernel.CoefficientData.power_dvd_ramification' depends on axioms: [propext, Classical.choice, Quot.sound]
'CRGPolynomialKernel.CoefficientData.ramification_positive' depends on axioms: [propext, Classical.choice, Quot.sound]
'CRGPolynomialKernel.CoefficientData.sourceGroups_cover' depends on axioms: [propext, Classical.choice, Quot.sound]
'CRGPolynomialKernel.analyticAt_fractionalPhaseUnit' depends on axioms: [propext, Classical.choice, Quot.sound]
'CRGPolynomialKernel.analyticOnNhd_groupedPowerDensity' depends on axioms: [propext, Classical.choice, Quot.sound]
'CRGPolynomialKernel.analyticOnNhd_powerDensity' depends on axioms: [propext, Classical.choice, Quot.sound]
'CRGPolynomialKernel.analytic_weight_restriction' depends on axioms: [propext, Classical.choice, Quot.sound]
'CRGPolynomialKernel.clearedPolynomial_eval' depends on axioms: [propext, Classical.choice, Quot.sound]
'CRGPolynomialKernel.clearedPolynomial_ne_zero' depends on axioms: [propext, Classical.choice, Quot.sound]
'CRGPolynomialKernel.cleared_zero_head_coeff' depends on axioms: [propext, Classical.choice, Quot.sound]
'CRGPolynomialKernel.corollary_5_3' depends on axioms: [propext, Classical.choice, Quot.sound]
'CRGPolynomialKernel.differentiable_polynomialKernel' depends on axioms: [propext, Classical.choice, Quot.sound]
'CRGPolynomialKernel.endpoint_derivatives_zero_implies_zero' depends on axioms: [propext, Classical.choice, Quot.sound]
'CRGPolynomialKernel.exists_growingGroup_completeExpansion' depends on axioms: [propext, Classical.choice, Quot.sound]
'CRGPolynomialKernel.exists_nonzero_completeExpansion_of_analyticAt' depends on axioms: [propext,
 Classical.choice,
 Quot.sound]
'CRGPolynomialKernel.exists_nonzero_density_growing_completeExpansion' depends on axioms: [propext,
 Classical.choice,
 Quot.sound]
'CRGPolynomialKernel.exists_nonzero_endpoint_derivative' depends on axioms: [propext, Classical.choice, Quot.sound]
'CRGPolynomialKernel.formalComposition_ne_zero' depends on axioms: [propext, Classical.choice, Quot.sound]
'CRGPolynomialKernel.group_constant_shifted_integrals' depends on axioms: [propext, Classical.choice, Quot.sound]
'CRGPolynomialKernel.growingFormalSeries_ne_zero' depends on axioms: [propext, Classical.choice, Quot.sound]
'CRGPolynomialKernel.hasDerivAt_laplaceIntegral' depends on axioms: [propext, Classical.choice, Quot.sound]
'CRGPolynomialKernel.integral_zero_of_zero_density' depends on axioms: [propext, Classical.choice, Quot.sound]
'CRGPolynomialKernel.intervalIntegrable_groupedPowerDensity' depends on axioms: [propext, Classical.choice, Quot.sound]
'CRGPolynomialKernel.intervalIntegrable_powerDensity' depends on axioms: [propext, Classical.choice, Quot.sound]
'CRGPolynomialKernel.inversePhaseRoot_pow' depends on axioms: [propext, Classical.choice, Quot.sound]
'CRGPolynomialKernel.inversePhase_analyticOrder' depends on axioms: [propext, Classical.choice, Quot.sound]
'CRGPolynomialKernel.inversePhase_eq' depends on axioms: [propext, Classical.choice, Quot.sound]
'CRGPolynomialKernel.laplaceIntegral_add_parameter' depends on axioms: [propext, Classical.choice, Quot.sound]
'CRGPolynomialKernel.normalizedExponent_nonconstant' depends on axioms: [propext, Classical.choice, Quot.sound]
'CRGPolynomialKernel.polynomialKernel_grouped' depends on axioms: [propext, Classical.choice, Quot.sound]
'CRGPolynomialKernel.polynomial_head_tail_nonzero' depends on axioms: [propext, Classical.choice, Quot.sound]
'CRGPolynomialKernel.polynomial_head_tail_zero_iff' depends on axioms: [propext, Classical.choice, Quot.sound]
'CRGPolynomialKernel.powerKernel_eq_densityIntegral' depends on axioms: [propext, Classical.choice, Quot.sound]
'CRGPolynomialKernel.root_ratio_constant' depends on axioms: [propext, Classical.choice, Quot.sound]
'CRGProgress.conjugated_perturbation_bound' depends on axioms: [propext, Classical.choice, Quot.sound]
'CRGProgress.derivative_of_gauged_vector' depends on axioms: [propext, Classical.choice, Quot.sound]
'CRGProgress.eventually_det_ne_zero' depends on axioms: [propext, Classical.choice, Quot.sound]
'CRGProgress.exists_small_tail' depends on axioms: [propext, Classical.choice, Quot.sound]
'CRGProgress.gauge_cancellation' depends on axioms: [propext, Classical.choice, Quot.sound]
'CRGProgress.perturbation_integrable' depends on axioms: [propext, Classical.choice, Quot.sound]
'CRGProgress.polynomial_exp_integrable' depends on axioms: [propext, Classical.choice, Quot.sound]
'CRGPuiseuxAngularCells.ae_exists_cell' depends on axioms: [propext, Classical.choice, Quot.sound]
'CRGPuiseuxAngularCells.ae_phase_cell' depends on axioms: [propext, Classical.choice, Quot.sound]
'CRGPuiseuxAngularCells.exists_cell' depends on axioms: [propext, Classical.choice, Quot.sound]
'CRGPuiseuxAngularCells.leading_sign_on_cell' depends on axioms: [propext, Classical.choice, Quot.sound]
'CRGPuiseuxAngularCells.phaseCuts_finite' depends on axioms: [propext, Classical.choice, Quot.sound]
'CRGPuiseuxAngularCells.sign_constant_on_preconnected' depends on axioms: [propext, Classical.choice, Quot.sound]
'CRGPuiseuxBranchSector.angularInverse_continuousOn' depends on axioms: [propext, Classical.choice, Quot.sound]
'CRGPuiseuxBranchSector.exists_connected_tail_sector' depends on axioms: [propext, Classical.choice, Quot.sound]
'CRGPuiseuxBranchSector.exists_fixed_principal_root_factor' depends on axioms: [propext, Classical.choice, Quot.sound]
'CRGPuiseuxCompanionComparison.companion_mulVec_last' depends on axioms: [propext, Classical.choice, Quot.sound]
'CRGPuiseuxCompanionComparison.companion_mulVec_not_last' depends on axioms: [propext, Classical.choice, Quot.sound]
'CRGPuiseuxCompanionComparison.jet_hasDerivAt_of_scalar_equation' depends on axioms: [propext,
 Classical.choice,
 Quot.sound]
'CRGPuiseuxCompanionComparison.jet_polynomial_comparison' depends on axioms: [propext, Classical.choice, Quot.sound]
'CRGPuiseuxCompanionComparison.norm_perturbation_le' depends on axioms: [propext, Classical.choice, Quot.sound]
'CRGPuiseuxCompanionComparison.perturbation_continuousOn' depends on axioms: [propext, Classical.choice, Quot.sound]
'CRGPuiseuxCompanionComparison.perturbation_flat' depends on axioms: [propext, Classical.choice, Quot.sound]
'CRGPuiseuxCompanionComparison.perturbation_mulVec' depends on axioms: [propext, Classical.choice, Quot.sound]
'CRGPuiseuxCompanionComparison.scalar_ray_comparison' depends on axioms: [propext, Classical.choice, Quot.sound]
'CRGPuiseuxCompanionExpansion.clearedCompanion_completeExpansion' depends on axioms: [propext,
 Classical.choice,
 Quot.sound]
'CRGPuiseuxCompanionExpansion.clearedCompanion_eq' depends on axioms: [propext, Classical.choice, Quot.sound]
'CRGPuiseuxCompanionExpansion.clearedCompanion_eventually_continuousAt' depends on axioms: [propext,
 Classical.choice,
 Quot.sound]
'CRGPuiseuxCompanionExpansion.entry_companionSeries' depends on axioms: [propext, Classical.choice, Quot.sound]
'CRGPuiseuxCompanionExpansion.exists_companion_normal_form' depends on axioms: [propext, Classical.choice, Quot.sound]
'CRGPuiseuxCompanionExpansion.normalizedSource_completeExpansion' depends on axioms: [propext,
 Classical.choice,
 Quot.sound]
'CRGPuiseuxCompanionExpansion.normalizedSource_eventually_continuousAt' depends on axioms: [propext,
 Classical.choice,
 Quot.sound]
'CRGPuiseuxCompanionNormalForm.exists_fixed_physical_phase_normal_form' depends on axioms: [propext,
 Classical.choice,
 Quot.sound]
'CRGPuiseuxCompanionNormalForm.physicalCoefficient_pullback' depends on axioms: [propext, Classical.choice, Quot.sound]
'CRGPuiseuxCompanionNormalForm.physical_ray_normal_form' depends on axioms: [propext, Classical.choice, Quot.sound]
'CRGPuiseuxCompanionNormalForm.ramifiedCoefficient_companion' depends on axioms: [propext, Classical.choice, Quot.sound]
'CRGPuiseuxCoordinates.direction_pow_general' depends on axioms: [propext, Classical.choice, Quot.sound]
'CRGPuiseuxCoordinates.inverseRay_power' depends on axioms: [propext, Classical.choice, Quot.sound]
'CRGPuiseuxCoordinates.lifted_tendsto_local_ray' depends on axioms: [propext, Classical.choice, Quot.sound]
'CRGPuiseuxCoordinates.originalPoint_inverseRay' depends on axioms: [propext, Classical.choice, Quot.sound]
'CRGPuiseuxCoordinates.originalPoint_localOnRay' depends on axioms: [propext, Classical.choice, Quot.sound]
'CRGPuiseuxCoordinates.ray_pow' depends on axioms: [propext, Classical.choice, Quot.sound]
'CRGPuiseuxFiniteRealization.clearedCoefficient_completeExpansion' depends on axioms: [propext,
 Classical.choice,
 Quot.sound]
'CRGPuiseuxFiniteRealization.exists_global_finite_realization' depends on axioms: [propext,
 Classical.choice,
 Quot.sound]
'CRGPuiseuxFiniteRealization.finiteControl_of_square' depends on axioms: [propext, Classical.choice, Quot.sound]
'CRGPuiseuxLinearKernelCells.Cell.phase_injective_away_zero' depends on axioms: [propext, Classical.choice, Quot.sound]
'CRGPuiseuxLinearKernelCells.activeLine_ne_zero' depends on axioms: [propext, Classical.choice, Quot.sound]
'CRGPuiseuxLinearKernelCells.exists_cell' depends on axioms: [propext, Classical.choice, Quot.sound]
'CRGPuiseuxLinearKernelCells.exists_finite_cells' depends on axioms: [propext, Classical.choice, Quot.sound]
'CRGPuiseuxMonic.fullCoefficient_differentiable' depends on axioms: [propext, Classical.choice, Quot.sound]
'CRGPuiseuxMonic.full_equation' depends on axioms: [propext, Classical.choice, Quot.sound]
'CRGPuiseuxMonic.proposition_5_1_monic' depends on axioms: [propext, Classical.choice, Quot.sound]
'CRGPuiseuxNormalForm.exists_fixed_lifted_phase_normal_form' depends on axioms: [propext, Classical.choice, Quot.sound]
'CRGPuiseuxNormalForm.lifted_ray_normal_form' depends on axioms: [propext, Classical.choice, Quot.sound]
'CRGPuiseuxPolynomialCone.negative_ray_cone' depends on axioms: [propext, Classical.choice, Quot.sound]
'CRGPuiseuxPolynomialCone.norm_eval_bound' depends on axioms: [propext, Classical.choice, Quot.sound]
'CRGPuiseuxPolynomialCone.positive_ray_cone' depends on axioms: [propext, Classical.choice, Quot.sound]
'CRGPuiseuxPolynomialCone.real_eval_lower_bound' depends on axioms: [propext, Classical.choice, Quot.sound]
'CRGPuiseuxPolynomialCone.uniform_positive_tail' depends on axioms: [propext, Classical.choice, Quot.sound]
'CRGPuiseuxPolynomialKernelCells.exists_finite_geometry_cells' depends on axioms: [propext,
 Classical.choice,
 Quot.sound]
'CRGPuiseuxPolynomialKernelCells.exists_geometry_cell' depends on axioms: [propext, Classical.choice, Quot.sound]
'CRGPuiseuxPolynomialKernelCells.local_ray_geometry' depends on axioms: [propext, Classical.choice, Quot.sound]
'CRGPuiseuxPolynomialKernelCells.normalized_degree_leading' depends on axioms: [propext, Classical.choice, Quot.sound]
'CRGPuiseuxProposition.phaseDenominator_positive' depends on axioms: [propext, Classical.choice, Quot.sound]
'CRGPuiseuxProposition.phasePolynomial_normalized' depends on axioms: [propext, Classical.choice, Quot.sound]
'CRGPuiseuxProposition.phase_comparison' depends on axioms: [propext, Classical.choice, Quot.sound]
'CRGPuiseuxProposition.proposition_5_1' depends on axioms: [propext, Classical.choice, Quot.sound]
'CRGPuiseuxRayData.error_continuous_along_ray' depends on axioms: [propext, Classical.choice, Quot.sound]
'CRGPuiseuxRayData.global_ray_control' depends on axioms: [propext, Classical.choice, Quot.sound]
'CRGPuiseuxRayData.smallConjugatedTails' depends on axioms: [propext, Classical.choice, Quot.sound]
'CRGPuiseuxRayReduction.cleared_equation' depends on axioms: [propext, Classical.choice, Quot.sound]
'CRGPuiseuxRayReduction.flat_on_physical_ray' depends on axioms: [propext, Classical.choice, Quot.sound]
'CRGPuiseuxRayReduction.flat_residual_from_ray_bounds' depends on axioms: [propext, Classical.choice, Quot.sound]
'CRGPuiseuxRayReduction.highest_positive_from_ray_bounds' depends on axioms: [propext, Classical.choice, Quot.sound]
'CRGPuiseuxRayReduction.localJet_power_bound' depends on axioms: [propext, Classical.choice, Quot.sound]
'CRGPuiseuxRayReduction.localJet_zero' depends on axioms: [propext, Classical.choice, Quot.sound]
'CRGPuiseuxScalarReduction.exists_highest' depends on axioms: [propext, Classical.choice, Quot.sound]
'CRGPuiseuxScalarReduction.flat_high_quotient' depends on axioms: [propext, Classical.choice, Quot.sound]
'CRGPuiseuxScalarReduction.highest_order_positive' depends on axioms: [propext, Classical.choice, Quot.sound]
'CRGPuiseuxScalarReduction.reduced_equation' depends on axioms: [propext, Classical.choice, Quot.sound]
'CRGPuiseuxScalarReduction.residual_flat' depends on axioms: [propext, Classical.choice, Quot.sound]
'CRGPuiseuxSector.Sector.coefficients_continuous' depends on axioms: [propext, Classical.choice, Quot.sound]
'CRGPuiseuxSector.Sector.localOnRay_tendsto' depends on axioms: [propext, Classical.choice, Quot.sound]
'CRGPuiseuxSector.Sector.physical_ray_gauge' depends on axioms: [propext, Classical.choice, Quot.sound]
'CRGPuiseuxSector.clearedCoefficients_continuousAt' depends on axioms: [propext, Classical.choice, Quot.sound]
'CRGPuiseuxSectorComparison.Sector.ray_comparison' depends on axioms: [propext, Classical.choice, Quot.sound]
'CRGPuiseuxSectorComparison.companion_continuousAt' depends on axioms: [propext, Classical.choice, Quot.sound]
'CRGPuiseuxSectorComparison.localJet_continuousAt' depends on axioms: [propext, Classical.choice, Quot.sound]
'CRGPuiseuxSectorComparison.localOnRay_continuousAt' depends on axioms: [propext, Classical.choice, Quot.sound]
'CRGPuiseuxSectorComparison.reduced_physical_equation' depends on axioms: [propext, Classical.choice, Quot.sound]
'CRGPuiseuxSectorComparison.residual_continuousAt' depends on axioms: [propext, Classical.choice, Quot.sound]
'CRGRay.companion_correction' depends on axioms: [propext, Classical.choice, Quot.sound]
'CRGRay.exact_reduced_equation' depends on axioms: [propext, Classical.choice, Quot.sound]
'CRGRay.exponential_kernel_bound' depends on axioms: [propext, Classical.choice, Quot.sound]
'CRGRay.fixed_point_of_norm_bound' depends on axioms: [propext, Classical.choice, Quot.sound]
'CRGRay.integral_kernel_bound' depends on axioms: [propext, Classical.choice, Quot.sound]
'CRGRay.l1_limit_unique' depends on axioms: [propext, Classical.choice, Quot.sound]
'CRGRay.logarithmic_comparison' depends on axioms: [propext, Classical.choice, Quot.sound]
'CRGRay.measure_limit_unique' depends on axioms: [propext, Classical.choice, Quot.sound]
'CRGRay.phase_degree_le' depends on axioms: [propext, Classical.choice, Quot.sound]
'CRGRay.phase_degree_le_order' depends on axioms: [propext, Classical.choice, Quot.sound]
'CRGRay.polynomial_exp_decay' depends on axioms: [propext, Classical.choice, Quot.sound]
'CRGRay.residual_bound' depends on axioms: [propext, Classical.choice, Quot.sound]
'CRGRay.residual_identity' depends on axioms: [propext, Classical.choice, Quot.sound]
'CRGRay.vanishing_kernel_integral' depends on axioms: [propext, Classical.choice, Quot.sound]
'CRGRayComparison.coefficientOnRay_continuousOn' depends on axioms: [propext, Classical.choice, Quot.sound]
'CRGRayComparison.exists_fixed_phase_comparison' depends on axioms: [propext, Classical.choice, Quot.sound]
'CRGRayComparisonLog.exponentialVector_bounds' depends on axioms: [propext, Classical.choice, Quot.sound]
'CRGRayComparisonLog.log_of_polynomial_exponential_bounds' depends on axioms: [propext, Classical.choice, Quot.sound]
'CRGRayComparisonLog.represented_scalar_log_comparison' depends on axioms: [propext, Classical.choice, Quot.sound]
'CRGRayComparisonLog.represented_solution_exponential_bounds' depends on axioms: [propext, Classical.choice, Quot.sound]
'CRGRayComparisonOrder.eventually_eval_sign' depends on axioms: [propext, Classical.choice, Quot.sound]
'CRGRayComparisonOrder.exists_dominant_phase' depends on axioms: [propext, Classical.choice, Quot.sound]
'CRGRayComparisonOrder.finite_eventual_max' depends on axioms: [propext, Classical.choice, Quot.sound]
'CRGRayComparisonOrder.phase_eventually_comparable' depends on axioms: [propext, Classical.choice, Quot.sound]
'CRGSection3Alignment.exists_group_phases' depends on axioms: [propext, Classical.choice, Quot.sound]
'CRGSection3Alignment.exists_linear_equation_data' depends on axioms: [propext, Classical.choice, Quot.sound]
'CRGSection3Alignment.exists_null_set_in_turn' depends on axioms: [propext, Classical.choice, Quot.sound]
'CRGSection3Alignment.fullCoefficient_isExponentialPolynomial' depends on axioms: [propext,
 Classical.choice,
 Quot.sound]
'CRGSection3Alignment.fullCoefficient_isExponentialSum' depends on axioms: [propext, Classical.choice, Quot.sound]
'CRGSection3Alignment.linear_eval_on_ray' depends on axioms: [propext, Classical.choice, Quot.sound]
'CRGSection3Alignment.theorem_3_2' depends on axioms: [propext, Classical.choice, Quot.sound]
'CRGSection3Alignment.theorem_3_2_collected' depends on axioms: [propext, Classical.choice, Quot.sound]
'CRGSection3Alignment.theorem_3_5' depends on axioms: [propext, Classical.choice, Quot.sound]
'CRGSection3Alignment.theorem_3_5_collected' depends on axioms: [propext, Classical.choice, Quot.sound]
'CRGSection3Alignment.vertexDirection_rayDominant' depends on axioms: [propext, Classical.choice, Quot.sound]
'CRGSolutionPerturbation.exists_perturbed_fundamental' depends on axioms: [propext, Classical.choice, Quot.sound]
'CRGSolutionPerturbation.perturbed_gauge_identity' depends on axioms: [propext, Classical.choice, Quot.sound]
'CRGSolutionPerturbationTail.gauge_continuousOn' depends on axioms: [propext, Classical.choice, Quot.sound]
'CRGSolutionPerturbationTail.gauge_operator_norm_bound' depends on axioms: [propext, Classical.choice, Quot.sound]
'CRGSolutionPerturbationTail.smallConjugatedTails_of_exponential' depends on axioms: [propext,
 Classical.choice,
 Quot.sound]
'CRGSolutionSpanning.exists_nonzero_coefficients' depends on axioms: [propext, Classical.choice, Quot.sound]
'CRGSolutionSpanning.matrix_mulVec_hasDerivAt' depends on axioms: [propext, Classical.choice, Quot.sound]
'CRGSolutionSpanning.solution_eq_fundamental_mulVec' depends on axioms: [propext, Classical.choice, Quot.sound]
'CRGTheorem11.of_collected_equation' depends on axioms: [propext, Classical.choice, Quot.sound]
'CRGTheorem11.theorem_1_1' depends on axioms: [propext, Classical.choice, Quot.sound]
'CRGUniformSectorAlignment.UniformSector.ray_data' depends on axioms: [propext, Classical.choice, Quot.sound]
'CRGUniformSectorAlignment.proposition_5_1_uniform' depends on axioms: [propext, Classical.choice, Quot.sound]
'CRGUniformSectorAlignment.rayFilter_le_closedSubsector' depends on axioms: [propext, Classical.choice, Quot.sound]
'CRGWatson.analytic_decay_cone_remainder_bound' depends on axioms: [propext, Classical.choice, Quot.sound]
'CRGWatson.analytic_decay_remainder_bound' depends on axioms: [propext, Classical.choice, Quot.sound]
'CRGWatson.analytic_decaying_expansion_bound' depends on axioms: [propext, Classical.choice, Quot.sound]
'CRGWatson.analytic_decaying_uniform_expansion' depends on axioms: [propext, Classical.choice, Quot.sound]
'CRGWatson.analytic_growing_uniform_expansion' depends on axioms: [propext, Classical.choice, Quot.sound]
'CRGWatson.analytic_taylor_remainder_bound' depends on axioms: [propext, Classical.choice, Quot.sound]
'CRGWatson.complexPowerMoment_gamma' depends on axioms: [propext, Classical.choice, Quot.sound]
'CRGWatson.complexPowerMoment_gamma_ofReal' depends on axioms: [propext, Classical.choice, Quot.sound]
'CRGWatson.complexPowerMoment_tail_bound' depends on axioms: [propext, Classical.choice, Quot.sound]
'CRGWatson.decayingSum_eq_trunc' depends on axioms: [propext, Classical.choice, Quot.sound]
'CRGWatson.decaying_polynomial_approximations' depends on axioms: [propext, Classical.choice, Quot.sound]
'CRGWatson.eval_trunc_integralSeries' depends on axioms: [propext, Classical.choice, Quot.sound]
'CRGWatson.exists_zero_constant_completeExpansion' depends on axioms: [propext, Classical.choice, Quot.sound]
'CRGWatson.gaussian_moment_bound' depends on axioms: [propext, Classical.choice, Quot.sound]
'CRGWatson.growing_density_expansion_bound' depends on axioms: [propext, Classical.choice, Quot.sound]
'CRGWatson.growing_density_uniform_expansion' depends on axioms: [propext, Classical.choice, Quot.sound]
'CRGWatson.growing_polynomial_approximations' depends on axioms: [propext, Classical.choice, Quot.sound]
'CRGWatson.hasDerivAt_complexPowerMoment' depends on axioms: [propext, Classical.choice, Quot.sound]
'CRGWatson.integral_taylorPolynomial' depends on axioms: [propext, Classical.choice, Quot.sound]
'CRGWatson.integral_taylor_remainder' depends on axioms: [propext, Classical.choice, Quot.sound]
'CRGWatson.laplace_power_remainder_bound' depends on axioms: [propext, Classical.choice, Quot.sound]
'CRGWatson.normalized_initial_density_bound' depends on axioms: [propext, Classical.choice, Quot.sound]
'CRGWatson.normalized_initial_kernel_bound' depends on axioms: [propext, Classical.choice, Quot.sound]
'CRGWatson.powerMoment_tail_bound' depends on axioms: [propext, Classical.choice, Quot.sound]
'CRGWatson.realPowerMoment_gamma' depends on axioms: [propext, Classical.choice, Quot.sound]
'CRGWatson.truncated_complexPowerMoment_bound' depends on axioms: [propext, Classical.choice, Quot.sound]
'CRGZeroDistributionCompact.compact_zero_density' depends on axioms: [propext, Classical.choice, Quot.sound]
'CRGZeroDistributionCompact.exists_harmonic_disk' depends on axioms: [propext, Classical.choice, Quot.sound]
'CRGZeroDistributionCompact.zeroCount_le_finite_cover' depends on axioms: [propext, Classical.choice, Quot.sound]
'CRGZeroDistributionCorollary.corollary_3_6' depends on axioms: [propext, Classical.choice, Quot.sound]
'CRGZeroDistributionCorollary.corollary_3_6_collected' depends on axioms: [propext, Classical.choice, Quot.sound]
'CRGZeroDistributionCorollary.radialSector_zero_density' depends on axioms: [propext, Classical.choice, Quot.sound]
'CRGZeroDistributionCorollary.radialSector_zero_density_off_rays' depends on axioms: [propext,
 Classical.choice,
 Quot.sound]
'CRGZeroDistributionDyadic.dyadic_bound' depends on axioms: [propext, Classical.choice, Quot.sound]
'CRGZeroDistributionDyadic.radial_density_of_annular_density' depends on axioms: [propext, Classical.choice, Quot.sound]
'CRGZeroDistributionHarmonic.exists_fixed_harmonic_rays' depends on axioms: [propext, Classical.choice, Quot.sound]
'CRGZeroDistributionHarmonic.finite_alternatives_harmonic_off_rays' depends on axioms: [propext,
 Classical.choice,
 Quot.sound]
'CRGZeroDistributionHarmonic.harmonicAt_of_indicator_interval' depends on axioms: [propext,
 Classical.choice,
 Quot.sound]
'CRGZeroDistributionLocal.divisor_mul_exp' depends on axioms: [propext, Classical.choice, Quot.sound]
'CRGZeroDistributionLocal.zero_count_of_analytic_profile' depends on axioms: [propext, Classical.choice, Quot.sound]
'CRGZeroDistributionLocal.zero_count_of_harmonic_profile' depends on axioms: [propext, Classical.choice, Quot.sound]
'CRGZeroDistributionProfile.cpow_real_polar' depends on axioms: [propext, Classical.choice, Quot.sound]
'CRGZeroDistributionProfile.homogeneousIndicator_eq_cpow' depends on axioms: [propext, Classical.choice, Quot.sound]
'CRGZeroDistributionProfile.homogeneousIndicator_harmonicOnNhd' depends on axioms: [propext,
 Classical.choice,
 Quot.sound]
'CRGZeroDistributionProfile.normalizedDirection_eq_angleDirection' depends on axioms: [propext,
 Classical.choice,
 Quot.sound]
'CRGZeroDistributionRealPairs.finite_real_solution_indicator_pairs' depends on axioms: [propext,
 Classical.choice,
 Quot.sound]
'CRGZeroDistributionScaled.eventually_local_zeroCount_bound' depends on axioms: [propext, Classical.choice, Quot.sound]
'CRGZeroDistributionScaled.local_zero_density' depends on axioms: [propext, Classical.choice, Quot.sound]
'CRGZeroDistributionScaled.zeroCount_mono' depends on axioms: [propext, Classical.choice, Quot.sound]
'CRGZeroDistributionScaled.zeroCount_nonneg' depends on axioms: [propext, Classical.choice, Quot.sound]
'CRGZeroDistributionSector.annularSector_zero_density' depends on axioms: [propext, Classical.choice, Quot.sound]
'CRGZeroDistributionSector.zeroCount_radialSector_recurrence' depends on axioms: [propext, Classical.choice, Quot.sound]
'CRGZeroDistributionSector.zeroCount_scale' depends on axioms: [propext, Classical.choice, Quot.sound]
'GundersenAngles.ae_nonzero_on_positive_ray' depends on axioms: [propext, Classical.choice, Quot.sound]
'GundersenAngles.nonzero_on_ray_of_not_zeroAngles' depends on axioms: [propext, Classical.choice, Quot.sound]
'GundersenAngles.rayDerivativeBound_mono_error' depends on axioms: [propext, Classical.choice, Quot.sound]
'GundersenAngles.simultaneous_errors' depends on axioms: [propext, Classical.choice, Quot.sound]
'GundersenAngles.zeroAngles_countable' depends on axioms: [propext, Classical.choice, Quot.sound]
'GundersenAngles.zeroAngles_measure_zero' depends on axioms: [propext, Classical.choice, Quot.sound]
'GundersenBlaschke.exists_disks_finiteBlaschke_bound' depends on axioms: [propext, Classical.choice, Quot.sound]
'GundersenBlaschke.factor_eq_inverse_canonical' depends on axioms: [propext, Classical.choice, Quot.sound]
'GundersenBlaschke.factor_nonzero' depends on axioms: [propext, Classical.choice, Quot.sound]
'GundersenBlaschke.finiteBlaschke_eq_product' depends on axioms: [propext, Classical.choice, Quot.sound]
'GundersenBlaschke.logDeriv_factor' depends on axioms: [propext, Classical.choice, Quot.sound]
'GundersenBlaschke.norm_logDeriv_factor_le' depends on axioms: [propext, Classical.choice, Quot.sound]
'GundersenCartan.exists_disks_logDeriv_product_bound' depends on axioms: [propext, Classical.choice, Quot.sound]
'GundersenCartan.exists_disks_reciprocal_bound' depends on axioms: [propext, Classical.choice, Quot.sound]
'GundersenCartan.logDeriv_zero_product' depends on axioms: [propext, Classical.choice, Quot.sound]
'GundersenCartan.reciprocal_sum_of_spread' depends on axioms: [propext, Classical.choice, Quot.sound]
'GundersenCartan.reciprocal_sum_of_spread_fin' depends on axioms: [propext, Classical.choice, Quot.sound]
'GundersenDerivative.entire_deriv' depends on axioms: [propext, Classical.choice, Quot.sound]
'GundersenDerivative.entire_iteratedDeriv' depends on axioms: [propext, Classical.choice, Quot.sound]
'GundersenDerivative.upperOrder_deriv' depends on axioms: [propext, Classical.choice, Quot.sound]
'GundersenDerivative.upperOrder_iteratedDeriv' depends on axioms: [propext, Classical.choice, Quot.sound]
'GundersenGrowth.eventually_disks_logDeriv_bound' depends on axioms: [propext, Classical.choice, Quot.sound]
'GundersenGrowth.eventually_log_le_rpow' depends on axioms: [propext, Classical.choice, Quot.sound]
'GundersenGrowth.eventually_numerical_bound' depends on axioms: [propext, Classical.choice, Quot.sound]
'GundersenGrowth.scaled_exp_bound' depends on axioms: [propext, Classical.choice, Quot.sound]
'GundersenJet.ae_finite_jet_bound' depends on axioms: [propext, Classical.choice, Quot.sound]
'GundersenJet.ae_iterated_quotient_bound' depends on axioms: [propext, Classical.choice, Quot.sound]
'GundersenJet.quotient_step' depends on axioms: [propext, Classical.choice, Quot.sound]
'GundersenLocal.exists_disks_logDeriv_bound' depends on axioms: [propext, Classical.choice, Quot.sound]
'GundersenLogarithm.hasDerivAt_log_norm' depends on axioms: [propext, Classical.choice, Quot.sound]
'GundersenLogarithm.logDeriv_bound_of_log_lipschitz' depends on axioms: [propext, Classical.choice, Quot.sound]
'GundersenLogarithm.norm_deriv_log_norm_le' depends on axioms: [propext, Classical.choice, Quot.sound]
'GundersenLogarithm.zero_free_logDeriv_bound' depends on axioms: [propext, Classical.choice, Quot.sound]
'GundersenOrigin.exists_normalized_factor' depends on axioms: [propext, Classical.choice, Quot.sound]
'GundersenOrigin.logDeriv_factorization' depends on axioms: [propext, Classical.choice, Quot.sound]
'GundersenOrigin.ray_logDeriv_restore' depends on axioms: [propext, Classical.choice, Quot.sound]
'GundersenOrigin.upperOrder_const_mul' depends on axioms: [propext, Classical.choice, Quot.sound]
'GundersenOrigin.upperOrder_remove_monomial' depends on axioms: [propext, Classical.choice, Quot.sound]
'GundersenTheorem.ae_all_jets_all_errors' depends on axioms: [propext, Classical.choice, Quot.sound]
'GundersenTheorem.ae_finite_jet_bound' depends on axioms: [propext, Classical.choice, Quot.sound]
'GundersenTheorem.ae_logDeriv_bound' depends on axioms: [propext, Classical.choice, Quot.sound]
'GundersenTheorem.ae_ray_input' depends on axioms: [propext, Classical.choice, Quot.sound]
'GundersenTheorem.exists_null_exceptional_set' depends on axioms: [propext, Classical.choice, Quot.sound]
'GundersenTwoSided.log_norm_power_bound_of_curve' depends on axioms: [propext, Classical.choice, Quot.sound]
'GundersenTwoSided.ray_log_norm_power_bound' depends on axioms: [propext, Classical.choice, Quot.sound]
'LevinAnnulus.exists_annular_majorant' depends on axioms: [propext, Classical.choice, Quot.sound]
'LevinAnnulus.exists_uniform_zeroCount_bound' depends on axioms: [propext, Classical.choice, Quot.sound]
'LevinAnnulus.integral_majorant_bound' depends on axioms: [propext, Classical.choice, Quot.sound]
'LevinAnnulus.majorant_intervalIntegrable' depends on axioms: [propext, Classical.choice, Quot.sound]
'LevinAnnulus.majorant_nonneg' depends on axioms: [propext, Classical.choice, Quot.sound]
'LevinAnnulus.measurable_majorant' depends on axioms: [propext, Classical.choice, Quot.sound]
'LevinAnnulus.measurable_radialPotential' depends on axioms: [propext, Classical.choice, Quot.sound]
'LevinAnnulus.modulus_nonneg' depends on axioms: [propext, Classical.choice, Quot.sound]
'LevinAnnulus.modulus_tendsto_zero' depends on axioms: [propext, Classical.choice, Quot.sound]
'LevinAnnulus.zero_free_annular_oscillation' depends on axioms: [propext, Classical.choice, Quot.sound]
'LevinAnnulus.zero_of_mem_zeroSupport' depends on axioms: [propext, Classical.choice, Quot.sound]
'LevinAssembly.asymptoticUniformEquicontinuous_mono' depends on axioms: [propext, Classical.choice, Quot.sound]
'LevinAssembly.exists_common_exceptional_uniform_limit' depends on axioms: [propext, Classical.choice, Quot.sound]
'LevinAssembly.exists_ge_outside' depends on axioms: [propext, Classical.choice, Quot.sound]
'LevinAssembly.exists_uniform_limit_from_separate_exceptional_sets' depends on axioms: [propext,
 Classical.choice,
 Quot.sound]
'LevinAssembly.outsideFilter_le_of_eventually_contains' depends on axioms: [propext, Classical.choice, Quot.sound]
'LevinAssembly.outsideFilter_neBot' depends on axioms: [propext, Classical.choice, Quot.sound]
'LevinC0.constantOrderLevin' depends on axioms: [propext, Classical.choice, Quot.sound]
'LevinC0.diskRegular_of_radialRegular' depends on axioms: [propext, Classical.choice, Quot.sound]
'LevinC0.exists_scaled_shell_covers' depends on axioms: [propext, Classical.choice, Quot.sound]
'LevinCartan.exists_disks_distance_property' depends on axioms: [propext, Classical.choice, Quot.sound]
'LevinCartan.exists_disks_product_bound' depends on axioms: [propext, Classical.choice, Quot.sound]
'LevinCartan.exists_selected_balls' depends on axioms: [propext, Classical.choice, Quot.sound]
'LevinCartan.factorial_lower' depends on axioms: [propext, Classical.choice, Quot.sound]
'LevinCartan.prod_lower_of_spread' depends on axioms: [propext, Classical.choice, Quot.sound]
'LevinCartan.prod_lower_of_spread_fin' depends on axioms: [propext, Classical.choice, Quot.sound]
'LevinCartanCost.exists_parameters' depends on axioms: [propext, Classical.choice, Quot.sound]
'LevinCartanCost.loss_mul_modulus_tendsto' depends on axioms: [propext, Classical.choice, Quot.sound]
'LevinCartanCost.loss_mul_profileModulus_tendsto' depends on axioms: [propext, Classical.choice, Quot.sound]
'LevinCartanCost.profileModulus_tendsto_zero' depends on axioms: [propext, Classical.choice, Quot.sound]
'LevinCartanCost.tendsto_mul_log' depends on axioms: [propext, Classical.choice, Quot.sound]
'LevinCartanCost.tendsto_mul_log_sq' depends on axioms: [propext, Classical.choice, Quot.sound]
'LevinCompact.cauchy_of_asymptotic_dense' depends on axioms: [propext, Classical.choice, Quot.sound]
'LevinCompact.cauchy_of_dense_convergence' depends on axioms: [propext, Classical.choice, Quot.sound]
'LevinCompact.exists_continuous_uniform_limit' depends on axioms: [propext, Classical.choice, Quot.sound]
'LevinCompact.exists_uniform_extension_of_asymptotic_dense' depends on axioms: [propext, Classical.choice, Quot.sound]
'LevinCompact.exists_uniform_limit_of_asymptotic_dense' depends on axioms: [propext, Classical.choice, Quot.sound]
'LevinCompact.exists_uniform_limit_of_asymptotic_dense_sequence' depends on axioms: [propext,
 Classical.choice,
 Quot.sound]
'LevinCompact.uniformContinuous_of_asymptotic' depends on axioms: [propext, Classical.choice, Quot.sound]
'LevinCompact.uniform_limit_of_dense' depends on axioms: [propext, Classical.choice, Quot.sound]
'LevinCompact.uniform_of_asymptotic_dense' depends on axioms: [propext, Classical.choice, Quot.sound]
'LevinCompact.uniform_of_asymptotic_pointwise' depends on axioms: [propext, Classical.choice, Quot.sound]
'LevinCriterion.constantOrderRadialIndicatorLevin' depends on axioms: [propext, Classical.choice, Quot.sound]
'LevinCriterion.isIndicator_of_radialRegular' depends on axioms: [propext, Classical.choice, Quot.sound]
'LevinCriterion.radialRegular_and_indicator_of_dense_rays' depends on axioms: [propext, Classical.choice, Quot.sound]
'LevinCriterion.uniform_upper_bounds_of_radialRegular' depends on axioms: [propext, Classical.choice, Quot.sound]
'LevinCriterion.uniform_upper_bounds_restore_monomial' depends on axioms: [propext, Classical.choice, Quot.sound]
'LevinDensity.ZeroRadialDensity.mono' depends on axioms: [propext, Classical.choice, Quot.sound]
'LevinDensity.ZeroRadialDensity.union' depends on axioms: [propext, Classical.choice, Quot.sound]
'LevinDensity.exists_common_exceptional_set' depends on axioms: [propext, Classical.choice, Quot.sound]
'LevinDensity.exists_common_exceptional_set_of_density_bounds' depends on axioms: [propext,
 Classical.choice,
 Quot.sound]
'LevinDensity.exists_common_exceptional_set_of_eventual_density_bounds' depends on axioms: [propext,
 Classical.choice,
 Quot.sound]
'LevinDensity.exists_common_exceptional_set_of_small_density' depends on axioms: [propext, Classical.choice, Quot.sound]
'LevinDensity.exists_measurable_zeroRadialDensity_eventually_contains' depends on axioms: [propext,
 Classical.choice,
 Quot.sound]
'LevinDensity.exists_truncation_zeroRadialDensity' depends on axioms: [propext, Classical.choice, Quot.sound]
'LevinDensity.exists_zeroRadialDensity_eventually_contains' depends on axioms: [propext, Classical.choice, Quot.sound]
'LevinDensity.local_volume_ne_top' depends on axioms: [propext, Classical.choice, Quot.sound]
'LevinDensity.radialDensity_iUnion_le' depends on axioms: [propext, Classical.choice, Quot.sound]
'LevinDensity.radialDensity_le_iff' depends on axioms: [propext, Classical.choice, Quot.sound]
'LevinDensity.radialDensity_mono' depends on axioms: [propext, Classical.choice, Quot.sound]
'LevinDensity.radialDensity_nonneg' depends on axioms: [propext, Classical.choice, Quot.sound]
'LevinDensity.radialDensity_union_le' depends on axioms: [propext, Classical.choice, Quot.sound]
'LevinDensity.zeroRadialDensity_Iic' depends on axioms: [propext, Classical.choice, Quot.sound]
'LevinDensity.zeroRadialDensity_iUnion_of_summable_bound' depends on axioms: [propext, Classical.choice, Quot.sound]
'LevinDensity.zeroRadialDensity_iff_tendsto' depends on axioms: [propext, Classical.choice, Quot.sound]
'LevinDensity.zeroRadialDensity_tail_iInter' depends on axioms: [propext, Classical.choice, Quot.sound]
'LevinDiskAssembly.diskRegular_of_arbitrarily_small_shell_certificates' depends on axioms: [propext,
 Classical.choice,
 Quot.sound]
'LevinDiskAssembly.diskRegular_of_eventual_shell_certificates' depends on axioms: [propext,
 Classical.choice,
 Quot.sound]
'LevinDiskAssembly.diskRegular_of_finite_shell_covers' depends on axioms: [propext, Classical.choice, Quot.sound]
'LevinDiskAssembly.diskRegular_of_shell_certificates' depends on axioms: [propext, Classical.choice, Quot.sound]
'LevinDiskAssembly.exists_slow_index' depends on axioms: [propext, Classical.choice, Quot.sound]
'LevinDiskAssembly.isC0_flatten' depends on axioms: [propext, Classical.choice, Quot.sound]
'LevinDiskAssembly.isC0_flatten_ofFinite' depends on axioms: [propext, Classical.choice, Quot.sound]
'LevinDiskAssembly.mem_disks_flatten' depends on axioms: [propext, Classical.choice, Quot.sound]
'LevinDiskAssembly.mem_disks_ofFinite' depends on axioms: [propext, Classical.choice, Quot.sound]
'LevinDiskAssembly.ofFinite_total_radius' depends on axioms: [propext, Classical.choice, Quot.sound]
'LevinDiskAssembly.radiusMass_eq_zero_below_scale' depends on axioms: [propext, Classical.choice, Quot.sound]
'LevinDiskAssembly.radiusMass_flatten' depends on axioms: [propext, Classical.choice, Quot.sound]
'LevinDiskAssembly.radiusMass_le_partial_sum' depends on axioms: [propext, Classical.choice, Quot.sound]
'LevinDiskAssembly.weighted_partial_sum_le' depends on axioms: [propext, Classical.choice, Quot.sound]
'LevinDiskClip.center_lower_of_clipped_ne_zero' depends on axioms: [propext, Classical.choice, Quot.sound]
'LevinDiskClip.clippedRadius_le' depends on axioms: [propext, Classical.choice, Quot.sound]
'LevinDiskClip.clippedRadius_nonneg' depends on axioms: [propext, Classical.choice, Quot.sound]
'LevinDiskClip.exists_clipped_family' depends on axioms: [propext, Classical.choice, Quot.sound]
'LevinDiskClip.mem_clipped_ball_iff' depends on axioms: [propext, Classical.choice, Quot.sound]
'LevinDiskClip.sum_clippedRadius_le' depends on axioms: [propext, Classical.choice, Quot.sound]
'LevinDyadic.eventually_volume_le_of_dyadic_bounds' depends on axioms: [propext, Classical.choice, Quot.sound]
'LevinDyadic.sum_two_pow' depends on axioms: [propext, Classical.choice, Quot.sound]
'LevinDyadic.volume_le_of_dyadic_bounds' depends on axioms: [propext, Classical.choice, Quot.sound]
'LevinDyadic.zeroRadialDensity_of_dyadic_bounds' depends on axioms: [propext, Classical.choice, Quot.sound]
'LevinExceptional.dyadic_shell_index_unique' depends on axioms: [propext, Classical.choice, Quot.sound]
'LevinExceptional.exists_shell_badsets' depends on axioms: [propext, Classical.choice, Quot.sound]
'LevinExceptional.exists_small_density_equicontinuity' depends on axioms: [propext, Classical.choice, Quot.sound]
'LevinExceptional.exists_small_scale' depends on axioms: [propext, Classical.choice, Quot.sound]
'LevinExceptional.shell_markov' depends on axioms: [propext, Classical.choice, Quot.sound]
'LevinExceptional.volume_dyadic_union_shell_le' depends on axioms: [propext, Classical.choice, Quot.sound]
'LevinFactorization.analyticOnNhd_finiteBlaschke' depends on axioms: [propext, Classical.choice, Quot.sound]
'LevinFactorization.analyticOnNhd_inverse_canonical' depends on axioms: [propext, Classical.choice, Quot.sound]
'LevinFactorization.canonical_numerator_ne_zero' depends on axioms: [propext, Classical.choice, Quot.sound]
'LevinFactorization.divisor_sphere_eq_zero' depends on axioms: [propext, Classical.choice, Quot.sound]
'LevinFactorization.eqOn_of_canonical_factor' depends on axioms: [propext, Classical.choice, Quot.sound]
'LevinFactorization.exists_zero_free_canonical_factor' depends on axioms: [propext, Classical.choice, Quot.sound]
'LevinFactorization.exists_zero_free_factorization' depends on axioms: [propext, Classical.choice, Quot.sound]
'LevinFactorization.exists_zero_free_factorization_with_center_bound' depends on axioms: [propext,
 Classical.choice,
 Quot.sound]
'LevinFactorization.finite_order_on_disk' depends on axioms: [propext, Classical.choice, Quot.sound]
'LevinFactorization.log_norm_center_le' depends on axioms: [propext, Classical.choice, Quot.sound]
'LevinFactorization.log_norm_decomposition' depends on axioms: [propext, Classical.choice, Quot.sound]
'LevinFactorization.norm_canonicalFactor_at_zero' depends on axioms: [propext, Classical.choice, Quot.sound]
'LevinFactorization.norm_finiteBlaschke_on_sphere' depends on axioms: [propext, Classical.choice, Quot.sound]
'LevinFiniteCover.combine_annular_local_disks' depends on axioms: [propext, Classical.choice, Quot.sound]
'LevinFiniteCover.combine_finite_covers' depends on axioms: [propext, Classical.choice, Quot.sound]
'LevinFiniteProduct.integral_radialPotential_bound' depends on axioms: [propext, Classical.choice, Quot.sound]
'LevinFiniteProduct.log_norm_angular_bound' depends on axioms: [propext, Classical.choice, Quot.sound]
'LevinFiniteProduct.mem_zeroSupport' depends on axioms: [propext, Classical.choice, Quot.sound]
'LevinFiniteProduct.multiplicity_nonneg' depends on axioms: [propext, Classical.choice, Quot.sound]
'LevinFiniteProduct.nonzero_of_radial_gap' depends on axioms: [propext, Classical.choice, Quot.sound]
'LevinFiniteProduct.radialPotential_intervalIntegrable' depends on axioms: [propext, Classical.choice, Quot.sound]
'LevinFiniteProduct.radialPotential_nonneg' depends on axioms: [propext, Classical.choice, Quot.sound]
'LevinFiniteProduct.weighted_divisor_finsum' depends on axioms: [propext, Classical.choice, Quot.sound]
'LevinFiniteProduct.zeroCount_eq_divisor_sum' depends on axioms: [propext, Classical.choice, Quot.sound]
'LevinFiniteType.scaled_exp_bound' depends on axioms: [propext, Classical.choice, Quot.sound]
'LevinFiniteType.scaled_log_bounds' depends on axioms: [propext, Classical.choice, Quot.sound]
'LevinFiniteType.zero_free_asymptotic_equicontinuity' depends on axioms: [propext, Classical.choice, Quot.sound]
'LevinFiniteType.zero_free_normalized_lipschitz' depends on axioms: [propext, Classical.choice, Quot.sound]
'LevinGeneral.constantOrderRadialLevin' depends on axioms: [propext, Classical.choice, Quot.sound]
'LevinGeneral.radialRegular_of_dense_rays' depends on axioms: [propext, Classical.choice, Quot.sound]
'LevinGeneral.radialRegular_of_dense_sequence_of_ne_zero_at_origin' depends on axioms: [propext,
 Classical.choice,
 Quot.sound]
'LevinGeneral.small_density_equicontinuity_of_ne_zero_at_origin' depends on axioms: [propext,
 Classical.choice,
 Quot.sound]
'LevinGeometry.measurableSet_radialShadow' depends on axioms: [propext, Classical.choice, Quot.sound]
'LevinGeometry.norm_mem_radialShadow' depends on axioms: [propext, Classical.choice, Quot.sound]
'LevinGeometry.radialShadow_volume_bound' depends on axioms: [propext, Classical.choice, Quot.sound]
'LevinGeometry.radialShadow_zero_density' depends on axioms: [propext, Classical.choice, Quot.sound]
'LevinGeometry.radius_le_mass' depends on axioms: [propext, Classical.choice, Quot.sound]
'LevinGeometry.small_radius_at_large_center' depends on axioms: [propext, Classical.choice, Quot.sound]
'LevinGrid.annularGrid_card' depends on axioms: [propext, Classical.choice, Quot.sound]
'LevinGrid.annularGrid_covers' depends on axioms: [propext, Classical.choice, Quot.sound]
'LevinGrid.annularGrid_norm_bounds' depends on axioms: [propext, Classical.choice, Quot.sound]
'LevinGrid.eventually_good_mesh_radii' depends on axioms: [propext, Classical.choice, Quot.sound]
'LevinGrid.exists_annular_cover' depends on axioms: [propext, Classical.choice, Quot.sound]
'LevinGrid.exists_coordinate' depends on axioms: [propext, Classical.choice, Quot.sound]
'LevinGrid.exists_point' depends on axioms: [propext, Classical.choice, Quot.sound]
'LevinGrowth.diskRegular_radialRegular' depends on axioms: [propext, Classical.choice, Quot.sound]
'LevinGrowth.entire_zeroSet_countable' depends on axioms: [propext, Classical.choice, Quot.sound]
'LevinGrowth.exists_zero_free_sphere_between' depends on axioms: [propext, Classical.choice, Quot.sound]
'LevinGrowth.finitePositiveType_nontrivial' depends on axioms: [propext, Classical.choice, Quot.sound]
'LevinGrowth.nonzero_of_not_zeroRadii' depends on axioms: [propext, Classical.choice, Quot.sound]
'LevinGrowth.norm_rayPoint' depends on axioms: [propext, Classical.choice, Quot.sound]
'LevinGrowth.radialRegular_rayRegular' depends on axioms: [propext, Classical.choice, Quot.sound]
'LevinGrowth.zeroRadii_countable' depends on axioms: [propext, Classical.choice, Quot.sound]
'LevinGrowth.zeroRadii_zero_density' depends on axioms: [propext, Classical.choice, Quot.sound]
'LevinIndicator.eventually_exists_good_radius' depends on axioms: [propext, Classical.choice, Quot.sound]
'LevinIndicatorLower.isIndicator_of_radialRegular_and_eventual_upper_bounds' depends on axioms: [propext,
 Classical.choice,
 Quot.sound]
'LevinIndicatorLower.limsup_le_of_eventual_upper_bounds' depends on axioms: [propext, Classical.choice, Quot.sound]
'LevinIndicatorLower.radialRegular_le_limsup' depends on axioms: [propext, Classical.choice, Quot.sound]
'LevinIndicatorLower.rayRegular_extended_tendsto' depends on axioms: [propext, Classical.choice, Quot.sound]
'LevinIndicatorLower.rayRegular_le_limsup' depends on axioms: [propext, Classical.choice, Quot.sound]
'LevinIndicatorModulus.exists_good_radius' depends on axioms: [propext, Classical.choice, Quot.sound]
'LevinIndicatorModulus.exists_homogeneous_modulus' depends on axioms: [propext, Classical.choice, Quot.sound]
'LevinIndicatorModulus.exists_indicator_modulus' depends on axioms: [propext, Classical.choice, Quot.sound]
'LevinIndicatorModulus.exists_indicator_modulus_of_ne_zero' depends on axioms: [propext, Classical.choice, Quot.sound]
'LevinIndicatorModulus.exists_polar_modulus' depends on axioms: [propext, Classical.choice, Quot.sound]
'LevinIndicatorModulus.exists_rpow_lipschitz' depends on axioms: [propext, Classical.choice, Quot.sound]
'LevinIndicatorModulus.modulus_pos' depends on axioms: [propext, Classical.choice, Quot.sound]
'LevinIndicatorModulus.normalizedDirection_dist_le' depends on axioms: [propext, Classical.choice, Quot.sound]
'LevinIndicatorModulus.rayPoint_normalizedDirection' depends on axioms: [propext, Classical.choice, Quot.sound]
'LevinIndicatorOrigin.eventual_upper_bounds_restore_monomial' depends on axioms: [propext, Classical.choice, Quot.sound]
'LevinIndicatorOrigin.radialRegular_remove_monomial' depends on axioms: [propext, Classical.choice, Quot.sound]
'LevinIndicatorUpper.exists_ratio_window' depends on axioms: [propext, Classical.choice, Quot.sound]
'LevinIndicatorUpper.exists_uniform_ratio_window' depends on axioms: [propext, Classical.choice, Quot.sound]
'LevinIndicatorUpper.scaled_poisson_upper' depends on axioms: [propext, Classical.choice, Quot.sound]
'LevinIndicatorUpper.uniform_upper_bounds' depends on axioms: [propext, Classical.choice, Quot.sound]
'LevinLocalFactor.exists_scaled_local_factor' depends on axioms: [propext, Classical.choice, Quot.sound]
'LevinLocalFactor.zero_free_factor_log_bound' depends on axioms: [propext, Classical.choice, Quot.sound]
'LevinLocalProfile.exists_local_disks' depends on axioms: [propext, Classical.choice, Quot.sound]
'LevinMeasurableDensity.exists_common_exceptional_set_of_eventual_density_bounds' depends on axioms: [propext,
 Classical.choice,
 Quot.sound]
'LevinMinimumModulus.exists_disks_local_lower' depends on axioms: [propext, Classical.choice, Quot.sound]
'LevinMinimumModulus.exists_local_decomposition' depends on axioms: [propext, Classical.choice, Quot.sound]
'LevinMinimumModulus.finiteBlaschke_product_lower' depends on axioms: [propext, Classical.choice, Quot.sound]
'LevinMinimumModulus.inverse_canonical_lower' depends on axioms: [propext, Classical.choice, Quot.sound]
'LevinMinimumModulus.log_norm_lower_of_zero_product' depends on axioms: [propext, Classical.choice, Quot.sound]
'LevinMinimumModulus.loss_pos' depends on axioms: [propext, Classical.choice, Quot.sound]
'LevinMinimumModulus.norm_finiteBlaschke_eq_prod' depends on axioms: [propext, Classical.choice, Quot.sound]
'LevinMinimumModulus.zeroCount_local_bound' depends on axioms: [propext, Classical.choice, Quot.sound]
'LevinMinimumModulus.zeroIndex_card' depends on axioms: [propext, Classical.choice, Quot.sound]
'LevinMinimumModulus.zeroIndex_prod' depends on axioms: [propext, Classical.choice, Quot.sound]
'LevinMinimumTransfer.exists_disks_local_lower' depends on axioms: [propext, Classical.choice, Quot.sound]
'LevinMinimumTransfer.sub_mem_ball_iff' depends on axioms: [propext, Classical.choice, Quot.sound]
'LevinOrigin.exists_entire_factor_at_origin' depends on axioms: [propext, Classical.choice, Quot.sound]
'LevinOrigin.exists_origin_reduction' depends on axioms: [propext, Classical.choice, Quot.sound]
'LevinOrigin.finitePositiveType_remove_monomial' depends on axioms: [propext, Classical.choice, Quot.sound]
'LevinOrigin.monomialError_tendsto_zero' depends on axioms: [propext, Classical.choice, Quot.sound]
'LevinOrigin.normalizedLog_factorization' depends on axioms: [propext, Classical.choice, Quot.sound]
'LevinOrigin.radialRegular_restore_monomial' depends on axioms: [propext, Classical.choice, Quot.sound]
'LevinOrigin.rayRegular_remove_monomial' depends on axioms: [propext, Classical.choice, Quot.sound]
'LevinOrigin.ray_nonzero_iff' depends on axioms: [propext, Classical.choice, Quot.sound]
'LevinPoisson.log_norm_le_poisson_average' depends on axioms: [propext, Classical.choice, Quot.sound]
'LevinPoisson.norm_finiteBlaschke_le_one' depends on axioms: [propext, Classical.choice, Quot.sound]
'LevinPoisson.poissonKernel_far_bound' depends on axioms: [propext, Classical.choice, Quot.sound]
'LevinPoisson.poissonKernel_nonneg' depends on axioms: [propext, Classical.choice, Quot.sound]
'LevinPoisson.poisson_average_local_upper' depends on axioms: [propext, Classical.choice, Quot.sound]
'LevinRadial.radialRegular_of_dense_sequence_and_small_density' depends on axioms: [propext,
 Classical.choice,
 Quot.sound]
'LevinRadial.radialRegular_of_uniform_limit' depends on axioms: [propext, Classical.choice, Quot.sound]
'LevinScaledBounds.eventually_scaled_good_centers' depends on axioms: [propext, Classical.choice, Quot.sound]
'LevinScaledBounds.eventually_scaled_upper_bound' depends on axioms: [propext, Classical.choice, Quot.sound]
'LevinScaledBounds.exists_scaled_bounds' depends on axioms: [propext, Classical.choice, Quot.sound]
'LevinScaledBounds.normalizedDirection_rayPoint' depends on axioms: [propext, Classical.choice, Quot.sound]
'LevinScaledBounds.rayPoint_scaled_normalizedDirection' depends on axioms: [propext, Classical.choice, Quot.sound]
'LevinScaledBounds.scaled_error_identity' depends on axioms: [propext, Classical.choice, Quot.sound]
'LevinScaling.homogeneousIndicator_rayPoint' depends on axioms: [propext, Classical.choice, Quot.sound]
'LevinScaling.mem_scaled_ball_iff' depends on axioms: [propext, Classical.choice, Quot.sound]
'LevinScaling.shell_estimate_of_scaled_shell' depends on axioms: [propext, Classical.choice, Quot.sound]
'LevinScaling.sum_scaled_radii' depends on axioms: [propext, Classical.choice, Quot.sound]
'LevinSmallDensity.density_bound_union_zero' depends on axioms: [propext, Classical.choice, Quot.sound]
'LevinSmallDensity.exists_ge_outside_of_density_bound' depends on axioms: [propext, Classical.choice, Quot.sound]
'LevinSmallDensity.exists_single_limit_all_density_bounds' depends on axioms: [propext, Classical.choice, Quot.sound]
'LevinSmallDensity.exists_zero_density_uniform_limit' depends on axioms: [propext, Classical.choice, Quot.sound]
'LevinSmallDensity.exists_zero_density_uniform_limit_of_arbitrarily_small_density' depends on axioms: [propext,
 Classical.choice,
 Quot.sound]
'LevinSmallDensity.outsideFilter_neBot_of_density_bound' depends on axioms: [propext, Classical.choice, Quot.sound]
'LevinSmallDensity.outsideFilter_union_le_left' depends on axioms: [propext, Classical.choice, Quot.sound]
'LevinSmallDensity.outsideFilter_union_le_right' depends on axioms: [propext, Classical.choice, Quot.sound]
'LevinZeroFree.directionCompactSpace' depends on axioms: [propext, Classical.choice, Quot.sound]
'LevinZeroFree.directionNonempty' depends on axioms: [propext, Classical.choice, Quot.sound]
'LevinZeroFree.exists_dense_sequence_in' depends on axioms: [propext, Classical.choice, Quot.sound]
'LevinZeroFree.radialRegular_of_uniform_limit' depends on axioms: [propext, Classical.choice, Quot.sound]
'LevinZeroFree.radialRegular_of_zero_free_dense_rays' depends on axioms: [propext, Classical.choice, Quot.sound]
'LevinZeroFree.radialRegular_of_zero_free_dense_sequence' depends on axioms: [propext, Classical.choice, Quot.sound]
'LevinZeroFree.rayRegular_tendsto' depends on axioms: [propext, Classical.choice, Quot.sound]
'MixedVolterra.backward_kernel_tendsto_zero' depends on axioms: [propext, Classical.choice, Quot.sound]
'MixedVolterra.exists_unique_fixed_point' depends on axioms: [propext, Classical.choice, Quot.sound]
'MixedVolterra.fixed_point_tendsto' depends on axioms: [propext, Classical.choice, Quot.sound]
'MixedVolterra.forward_kernel_tendsto_zero' depends on axioms: [propext, Classical.choice, Quot.sound]
'MixedVolterra.integralOperator_lipschitz' depends on axioms: [propext, Classical.choice, Quot.sound]
'MixedVolterra.integralVector_bound' depends on axioms: [propext, Classical.choice, Quot.sound]
'MixedVolterra.integralVector_continuous' depends on axioms: [propext, Classical.choice, Quot.sound]
'MixedVolterra.integralVector_sub' depends on axioms: [propext, Classical.choice, Quot.sound]
'MixedVolterra.integralVector_tendsto_zero' depends on axioms: [propext, Classical.choice, Quot.sound]
'MixedVolterra.integrand_bound' depends on axioms: [propext, Classical.choice, Quot.sound]
'MixedVolterra.integrand_integrable' depends on axioms: [propext, Classical.choice, Quot.sound]
'MixedVolterra.integrand_measurable' depends on axioms: [propext, Classical.choice, Quot.sound]
'MixedVolterra.kernel_bound' depends on axioms: [propext, Classical.choice, Quot.sound]
'MixedVolterra.kernel_continuousAt' depends on axioms: [propext, Classical.choice, Quot.sound]
'MixedVolterra.kernel_measurable' depends on axioms: [propext, Classical.choice, Quot.sound]
'VolterraCalculus.backward_hasDerivAt' depends on axioms: [propext, Classical.choice, Quot.sound]
'VolterraCalculus.forward_hasDerivAt' depends on axioms: [propext, Classical.choice, Quot.sound]
'VolterraCalculus.tail_hasDerivAt' depends on axioms: [propext, Classical.choice, Quot.sound]
'WasowActualTail.actualDefect_continuousAt' depends on axioms: [propext, Classical.choice, Quot.sound]
'WasowActualTail.actualDefect_small_inverse_tail' depends on axioms: [propext, Classical.choice, Quot.sound]
'WasowActualTail.exists_inverse_tail_bound_of_isBigO' depends on axioms: [propext, Classical.choice, Quot.sound]
'WasowActualTail.exists_small_inverse_tail_of_isBigO' depends on axioms: [propext, Classical.choice, Quot.sound]
'WasowActualTruncation.actualDefect_eq' depends on axioms: [propext, Classical.choice, Quot.sound]
'WasowActualTruncation.actualDefect_isBigO' depends on axioms: [propext, Classical.choice, Quot.sound]
'WasowActualTruncation.coe_sub_noncomm' depends on axioms: [propext, Classical.choice, Quot.sound]
'WasowActualTruncation.eval_trunc_eq_partialSum' depends on axioms: [propext, Classical.choice, Quot.sound]
'WasowActualTruncation.polynomialDefect_coeff_zero' depends on axioms: [propext, Classical.choice, Quot.sound]
'WasowActualTruncation.polynomialDefect_divisible' depends on axioms: [propext, Classical.choice, Quot.sound]
'WasowAnalyticAssembly.exists_original_rayGauge_of_ramified_formal_truncation' depends on axioms: [propext,
 Classical.choice,
 Quot.sound]
'WasowAnalyticPowerPullback.analytic_formal_cleared_pullback' depends on axioms: [propext, Classical.choice, Quot.sound]
'WasowAnalyticPowerPullback.analytic_formal_power_pullback' depends on axioms: [propext, Classical.choice, Quot.sound]
'WasowAnalyticPowerPullback.coeff_expandF' depends on axioms: [propext, Classical.choice, Quot.sound]
'WasowAnalyticPowerPullback.coeff_expandF_matrix' depends on axioms: [propext, Classical.choice, Quot.sound]
'WasowAnalyticPowerPullback.coeff_expandF_scalar' depends on axioms: [propext, Classical.choice, Quot.sound]
'WasowAnalyticPowerPullback.coeff_monomialF' depends on axioms: [propext, Classical.choice, Quot.sound]
'WasowAnalyticPowerPullback.coeff_monomialF_matrix' depends on axioms: [propext, Classical.choice, Quot.sound]
'WasowAnalyticPowerPullback.hasFPowerSeriesAt_monomial' depends on axioms: [propext, Classical.choice, Quot.sound]
'WasowAnalyticPowerPullback.hasFPowerSeriesAt_pow' depends on axioms: [propext, Classical.choice, Quot.sound]
'WasowAnalyticPowerPullback.hasSum_expandF' depends on axioms: [propext, Classical.choice, Quot.sound]
'WasowAnalyticPowerPullback.hasSum_monomialF' depends on axioms: [propext, Classical.choice, Quot.sound]
'WasowAnalyticRemainder.exists_integrable_inverse_tail' depends on axioms: [propext, Classical.choice, Quot.sound]
'WasowAnalyticRemainder.exists_inverse_tail_bound' depends on axioms: [propext, Classical.choice, Quot.sound]
'WasowAnalyticRemainder.exists_small_integrable_inverse_tail' depends on axioms: [propext, Classical.choice, Quot.sound]
'WasowAnalyticRemainder.inverse_real_tendsto_zero' depends on axioms: [propext, Classical.choice, Quot.sound]
'WasowAnalyticRemainder.isBigO_of_initial_coefficients_zero' depends on axioms: [propext, Classical.choice, Quot.sound]
'WasowAnalyticRemainder.partialSum_eq_zero' depends on axioms: [propext, Classical.choice, Quot.sound]
'WasowArbitraryFormalBlocks.coordinateSeries_coeff' depends on axioms: [propext, Classical.choice, Quot.sound]
'WasowArbitraryFormalBlocks.coordinateSeries_leading' depends on axioms: [propext, Classical.choice, Quot.sound]
'WasowArbitraryFormalBlocks.exists_arbitrary_formal_block_reduction' depends on axioms: [propext,
 Classical.choice,
 Quot.sound]
'WasowArbitraryFormalBlocks.map_derivative' depends on axioms: [propext, Classical.choice, Quot.sound]
'WasowBookCheck.nonzero_solution' depends on axioms: [propext, Classical.choice, Quot.sound]
'WasowBookCheck.not_existsUnique_unnormalized_last_row' depends on axioms: [propext, Classical.choice, Quot.sound]
'WasowBookCheck.output_rows_distinct' depends on axioms: [propext, Classical.choice, Quot.sound]
'WasowBookCheck.zero_solution' depends on axioms: [propext, Classical.choice, Quot.sound]
'WasowCanonicalPhaseEvaluation.evalOn_sum_single' depends on axioms: [propext, Classical.choice, Quot.sound]
'WasowCanonicalPhaseEvaluation.eval_pole_polynomial_entry' depends on axioms: [propext, Classical.choice, Quot.sound]
'WasowCanonicalPhaseEvaluation.eval_trunc_canonical_derivative' depends on axioms: [propext,
 Classical.choice,
 Quot.sound]
'WasowCanonicalPhaseEvaluation.finite_laurent_eval_eq' depends on axioms: [propext, Classical.choice, Quot.sound]
'WasowCanonicalPhaseEvaluation.phaseDerivative_sum' depends on axioms: [propext, Classical.choice, Quot.sound]
'WasowCanonicalPhaseEvaluation.phasePolynomial_eval' depends on axioms: [propext, Classical.choice, Quot.sound]
'WasowCanonicalPhaseEvaluation.phase_hasDerivAt' depends on axioms: [propext, Classical.choice, Quot.sound]
'WasowCanonicalPhaseEvaluation.toLaurent_polynomial_entry' depends on axioms: [propext, Classical.choice, Quot.sound]
'WasowCanonicalRegularGauge.exists_uniform_regular_family' depends on axioms: [propext, Classical.choice, Quot.sound]
'WasowCanonicalTruncation.eval_trunc_canonical' depends on axioms: [propext, Classical.choice, Quot.sound]
'WasowCanonicalTruncation.phasePolynomial_coe' depends on axioms: [propext, Classical.choice, Quot.sound]
'WasowCanonicalTruncation.phaseSeries_coeff_zero' depends on axioms: [propext, Classical.choice, Quot.sound]
'WasowCanonicalTruncation.phase_derivative_coeff_nonneg' depends on axioms: [propext, Classical.choice, Quot.sound]
'WasowCanonicalTruncation.recover_phasePolynomial' depends on axioms: [propext, Classical.choice, Quot.sound]
'WasowCanonicalTruncation.toLaurent_phaseSeries' depends on axioms: [propext, Classical.choice, Quot.sound]
'WasowCanonicalTruncation.trunc_canonical' depends on axioms: [propext, Classical.choice, Quot.sound]
'WasowCanonicalTruncation.trunc_phaseSeries' depends on axioms: [propext, Classical.choice, Quot.sound]
'WasowCanonicalTruncation.trunc_shift' depends on axioms: [propext, Classical.choice, Quot.sound]
'WasowCanonicalTruncation.truncated_regular_separated' depends on axioms: [propext, Classical.choice, Quot.sound]
'WasowClearedResidual.actualDefect_eq' depends on axioms: [propext, Classical.choice, Quot.sound]
'WasowClearedResidual.actualDefect_isBigO' depends on axioms: [propext, Classical.choice, Quot.sound]
'WasowClearedResidual.coeff_shifted_truncation' depends on axioms: [propext, Classical.choice, Quot.sound]
'WasowClearedResidual.polynomialDefect_coeff_zero' depends on axioms: [propext, Classical.choice, Quot.sound]
'WasowClearedResidual.polynomialDefect_divisible' depends on axioms: [propext, Classical.choice, Quot.sound]
'WasowDiagonal.coefficientOnRay_diagonal' depends on axioms: [propext, Classical.choice, Quot.sound]
'WasowDiagonal.diagonal_mulVec_norm_le' depends on axioms: [propext, Classical.choice, Quot.sound]
'WasowDiagonal.diagonal_rational_normal_form' depends on axioms: [propext, Classical.choice, Quot.sound]
'WasowDiagonal.exists_diagonal_rayGauge' depends on axioms: [propext, Classical.choice, Quot.sound]
'WasowDiagonal.scalar_rational_normal_form' depends on axioms: [propext, Classical.choice, Quot.sound]
'WasowFormalNormalization.data_dimension' depends on axioms: [propext, Classical.choice, Quot.sound]
'WasowFormalNormalization.exists_normalization' depends on axioms: [propext, Classical.choice, Quot.sound]
'WasowFormalRecurrence.coefficient_identity_of_step' depends on axioms: [propext, Classical.choice, Quot.sound]
'WasowFormalRecurrence.coefficients_pos' depends on axioms: [propext, Classical.choice, Quot.sound]
'WasowFormalRecurrence.coefficients_zero' depends on axioms: [propext, Classical.choice, Quot.sound]
'WasowFormalRecurrence.exists_formal_block_reduction' depends on axioms: [propext, Classical.choice, Quot.sound]
'WasowFormalRecurrence.exists_step' depends on axioms: [propext, Classical.choice, Quot.sound]
'WasowFormalRecurrence.residual_congr' depends on axioms: [propext, Classical.choice, Quot.sound]
'WasowFormalSeries.exists_block_powerSeries' depends on axioms: [propext, Classical.choice, Quot.sound]
'WasowFormalSeries.exists_multiblock_powerSeries' depends on axioms: [propext, Classical.choice, Quot.sound]
'WasowFormalSeries.exists_multishift_powerSeries' depends on axioms: [propext, Classical.choice, Quot.sound]
'WasowFormalShearing.constantCoeff_normalizedSeries' depends on axioms: [propext, Classical.choice, Quot.sound]
'WasowFormalShearing.constantCoeff_ramifiedSeries' depends on axioms: [propext, Classical.choice, Quot.sound]
'WasowFormalShearing.constantCoeff_shearedSeries' depends on axioms: [propext, Classical.choice, Quot.sound]
'WasowFormalShearing.correction_exponent_pos' depends on axioms: [propext, Classical.choice, Quot.sound]
'WasowFormalShearing.derivative_correction_clear' depends on axioms: [propext, Classical.choice, Quot.sound]
'WasowFormalShearing.entry_normalizedSeries' depends on axioms: [propext, Classical.choice, Quot.sound]
'WasowFormalShearing.entry_ramifiedSeries' depends on axioms: [propext, Classical.choice, Quot.sound]
'WasowFormalShearing.entry_shearedSeries' depends on axioms: [propext, Classical.choice, Quot.sound]
'WasowFormalShearing.exists_formal_sheared_series' depends on axioms: [propext, Classical.choice, Quot.sound]
'WasowFormalShearing.normalizedSeries_clear_powers' depends on axioms: [propext, Classical.choice, Quot.sound]
'WasowFormalShearing.power_times_derivative_X_pow' depends on axioms: [propext, Classical.choice, Quot.sound]
'WasowFormalShearing.ramifiedSeries_clear_powers' depends on axioms: [propext, Classical.choice, Quot.sound]
'WasowFormalShearing.shearedSeries_clear_powers' depends on axioms: [propext, Classical.choice, Quot.sound]
'WasowFormalShearing.shiftedExpansion_clear_powers' depends on axioms: [propext, Classical.choice, Quot.sound]
'WasowFormalShearing.shiftedExpansion_coeff' depends on axioms: [propext, Classical.choice, Quot.sound]
'WasowFormalShearing.shiftedExpansion_coeff_at' depends on axioms: [propext, Classical.choice, Quot.sound]
'WasowFormalShearing.shiftedExpansion_coeff_nonzero' depends on axioms: [propext, Classical.choice, Quot.sound]
'WasowFormalShearing.supported_of_weightedDegree' depends on axioms: [propext, Classical.choice, Quot.sound]
'WasowFormalShearing.weightedDegree_zero_iff' depends on axioms: [propext, Classical.choice, Quot.sound]
'WasowFormalSpectrum.single_eigen_or_split' depends on axioms: [propext, Classical.choice, Quot.sound]
'WasowFormalSplit.all_children_dimension_lt' depends on axioms: [propext, Classical.choice, Quot.sound]
'WasowFormalSplit.child_dimension_lt' depends on axioms: [propext, Classical.choice, Quot.sound]
'WasowFormalSplit.component_coeff' depends on axioms: [propext, Classical.choice, Quot.sound]
'WasowFormalSplit.component_leading' depends on axioms: [propext, Classical.choice, Quot.sound]
'WasowFormalSplit.exists_blockData' depends on axioms: [propext, Classical.choice, Quot.sound]
'WasowFormalSplit.exists_family' depends on axioms: [propext, Classical.choice, Quot.sound]
'WasowFormalSplit.translatedComponent_leading' depends on axioms: [propext, Classical.choice, Quot.sound]
'WasowFormalSuccessor.exists_single_successor' depends on axioms: [propext, Classical.choice, Quot.sound]
'WasowFormalSuccessor.flattenSeries_coeff' depends on axioms: [propext, Classical.choice, Quot.sound]
'WasowFormalSuccessor.formalStep_wellFounded' depends on axioms: [propext, Classical.choice, Quot.sound]
'WasowFormalSuccessor.rawSeries_clear_powers' depends on axioms: [propext, Classical.choice, Quot.sound]
'WasowFormalSuccessor.rawSeries_leading' depends on axioms: [propext, Classical.choice, Quot.sound]
'WasowFormalSuccessor.singleData_step' depends on axioms: [propext, Classical.choice, Quot.sound]
'WasowFormalSuccessor.slope_num_div_den' depends on axioms: [propext, Classical.choice, Quot.sound]
'WasowFormalSuccessor.supported_flattenSeries' depends on axioms: [propext, Classical.choice, Quot.sound]
'WasowFormalSylvester.existsUnique_sylvester_of_nilpotent_parts' depends on axioms: [propext,
 Classical.choice,
 Quot.sound]
'WasowFormalSylvester.exists_block_coefficient' depends on axioms: [propext, Classical.choice, Quot.sound]
'WasowFormalSylvester.isNilpotent_leftMul' depends on axioms: [propext, Classical.choice, Quot.sound]
'WasowFormalSylvester.isNilpotent_rightMul' depends on axioms: [propext, Classical.choice, Quot.sound]
'WasowFormalSylvester.isUnit_sylvester_of_nilpotent_parts' depends on axioms: [propext, Classical.choice, Quot.sound]
'WasowFormalSylvester.leftMul_apply' depends on axioms: [propext, Classical.choice, Quot.sound]
'WasowFormalSylvester.leftMul_commute_rightMul' depends on axioms: [propext, Classical.choice, Quot.sound]
'WasowFormalSylvester.leftMul_pow_apply' depends on axioms: [propext, Classical.choice, Quot.sound]
'WasowFormalSylvester.rightMul_apply' depends on axioms: [propext, Classical.choice, Quot.sound]
'WasowFormalSylvester.rightMul_pow_apply' depends on axioms: [propext, Classical.choice, Quot.sound]
'WasowFormalSylvester.sylvester_apply' depends on axioms: [propext, Classical.choice, Quot.sound]
'WasowFormalSylvester.sylvester_scalar_parts' depends on axioms: [propext, Classical.choice, Quot.sound]
'WasowFuchsian.exists_fuchsian_rayGauge' depends on axioms: [propext, Classical.choice, Quot.sound]
'WasowFuchsian.exists_proper_rayGauge' depends on axioms: [propext, Classical.choice, Quot.sound]
'WasowFuchsian.proper_rational_normal_form' depends on axioms: [propext, Classical.choice, Quot.sound]
'WasowFuchsianBounds.matrix_solutions_bounds' depends on axioms: [propext, Classical.choice, Quot.sound]
'WasowFuchsianBounds.matrix_solutions_inverse' depends on axioms: [propext, Classical.choice, Quot.sound]
'WasowFuchsianBounds.norm_le_polynomial_of_deriv_bound' depends on axioms: [propext, Classical.choice, Quot.sound]
'WasowFuchsianFundamental.exists_matrix_solutions' depends on axioms: [propext, Classical.choice, Quot.sound]
'WasowFuchsianODE.continuous_extend' depends on axioms: [propext, Classical.choice, Quot.sound]
'WasowFuchsianODE.continuous_integrand' depends on axioms: [propext, Classical.choice, Quot.sound]
'WasowFuchsianODE.exists_fixedPoint' depends on axioms: [propext, Classical.choice, Quot.sound]
'WasowFuchsianODE.exists_solution_Icc' depends on axioms: [propext, Classical.choice, Quot.sound]
'WasowFuchsianODE.exists_solution_Ici' depends on axioms: [propext, Classical.choice, Quot.sound]
'WasowFuchsianODE.extend_of_mem' depends on axioms: [propext, Classical.choice, Quot.sound]
'WasowFuchsianODE.iterate_bound' depends on axioms: [propext, Classical.choice, Quot.sound]
'WasowFuchsianODE.solution_eqOn_Icc' depends on axioms: [propext, Classical.choice, Quot.sound]
'WasowFuchsianRational.exists_proper_ray_bound' depends on axioms: [propext, Classical.choice, Quot.sound]
'WasowFuchsianRational.norm_le_sum_entries' depends on axioms: [propext, Classical.choice, Quot.sound]
'WasowFuchsianRealization.exists_approximateRayGauge_of_fuchsian_formal_truncation' depends on axioms: [propext,
 Classical.choice,
 Quot.sound]
'WasowFuchsianRealization.exists_exact_rayGauge_of_fuchsian_formal_truncation' depends on axioms: [propext,
 Classical.choice,
 Quot.sound]
'WasowFuchsianTruncation.exists_regular_tail_bound' depends on axioms: [propext, Classical.choice, Quot.sound]
'WasowFuchsianTruncation.exists_truncated_fundamental' depends on axioms: [propext, Classical.choice, Quot.sound]
'WasowFuchsianTruncation.regularCoefficient_continuousOn' depends on axioms: [propext, Classical.choice, Quot.sound]
'WasowFuchsianTruncation.truncation_inverse_tendsto' depends on axioms: [propext, Classical.choice, Quot.sound]
'WasowFundamental.det_fundamentalMatrix_ne_zero' depends on axioms: [propext, Classical.choice, Quot.sound]
'WasowFundamental.eventually_det_normalizedMatrix_ne_zero' depends on axioms: [propext, Classical.choice, Quot.sound]
'WasowFundamental.exists_fundamental_matrix' depends on axioms: [propext, Classical.choice, Quot.sound]
'WasowFundamental.extend_tendsto' depends on axioms: [propext, Classical.choice, Quot.sound]
'WasowFundamental.fundamentalMatrix_apply' depends on axioms: [propext, Classical.choice, Quot.sound]
'WasowFundamental.fundamentalMatrix_column_hasDerivAt' depends on axioms: [propext, Classical.choice, Quot.sound]
'WasowFundamental.normalizedMatrix_tendsto_one' depends on axioms: [propext, Classical.choice, Quot.sound]
'WasowFundamental.retract_tendsto_atTop' depends on axioms: [propext, Classical.choice, Quot.sound]
'WasowGaugeAssembly.continuous_toOperator' depends on axioms: [propext, Classical.choice, Quot.sound]
'WasowGaugeAssembly.exists_approximateRayGauge_of_formal_truncation' depends on axioms: [propext,
 Classical.choice,
 Quot.sound]
'WasowGaugeAssembly.norm_toOperator' depends on axioms: [propext, Classical.choice, Quot.sound]
'WasowGaugeAssembly.operatorMatrix_toOperator' depends on axioms: [propext, Classical.choice, Quot.sound]
'WasowGaugeAssembly.rank_chain_factor' depends on axioms: [propext, Classical.choice, Quot.sound]
'WasowGaugeAssembly.rayGauge_hasDerivAt' depends on axioms: [propext, Classical.choice, Quot.sound]
'WasowGaugeAssembly.transformed_identity' depends on axioms: [propext, Classical.choice, Quot.sound]
'WasowGaugeComposition.constant_change' depends on axioms: [propext, Classical.choice, Quot.sound]
'WasowGaugeComposition.eventually_constantConjugate' depends on axioms: [propext, Classical.choice, Quot.sound]
'WasowGaugeComposition.gauge_composition_identity' depends on axioms: [propext, Classical.choice, Quot.sound]
'WasowGaugeComposition.pullback_constant_rayGauge' depends on axioms: [propext, Classical.choice, Quot.sound]
'WasowGaugeComposition.pullback_rayGauge' depends on axioms: [propext, Classical.choice, Quot.sound]
'WasowGaugeComposition.value_constantMatrix' depends on axioms: [propext, Classical.choice, Quot.sound]
'WasowGlobalConjugatedTail.eventually_error_continuousAt' depends on axioms: [propext, Classical.choice, Quot.sound]
'WasowGlobalConjugatedTail.smallConjugatedTails' depends on axioms: [propext, Classical.choice, Quot.sound]
'WasowGlobalExactAssembly.exact_of_regularFamily' depends on axioms: [propext, Classical.choice, Quot.sound]
'WasowGlobalFiniteRealization.actualCoefficient_cleared' depends on axioms: [propext, Classical.choice, Quot.sound]
'WasowGlobalFiniteRealization.clearedCoefficient_expansion' depends on axioms: [propext, Classical.choice, Quot.sound]
'WasowGlobalFiniteRealization.clearingOrder_bounds' depends on axioms: [propext, Classical.choice, Quot.sound]
'WasowGlobalFiniteRealization.exists_global_finite_realization' depends on axioms: [propext,
 Classical.choice,
 Quot.sound]
'WasowGlobalFiniteRealization.exists_rational_global_finite_realization' depends on axioms: [propext,
 Classical.choice,
 Quot.sound]
'WasowGlobalFiniteRealization.finiteControl_of_square' depends on axioms: [propext, Classical.choice, Quot.sound]
'WasowGlobalFiniteRealization.ramifiedCoefficient_rational' depends on axioms: [propext, Classical.choice, Quot.sound]
'WasowGlobalFormalAssembly.addScalar' depends on axioms: [propext, Classical.choice, Quot.sound]
'WasowGlobalFormalAssembly.blocks' depends on axioms: [propext, Classical.choice, Quot.sound]
'WasowGlobalFormalAssembly.precompose' depends on axioms: [propext, Classical.choice, Quot.sound]
'WasowGlobalFormalAssembly.precomposeRamified' depends on axioms: [propext, Classical.choice, Quot.sound]
'WasowGlobalFormalAssembly.pullback_addScalar' depends on axioms: [propext, Classical.choice, Quot.sound]
'WasowGlobalFormalAssembly.pullback_blocks' depends on axioms: [propext, Classical.choice, Quot.sound]
'WasowGlobalFormalAssembly.pullback_congr' depends on axioms: [propext, Classical.choice, Quot.sound]
'WasowGlobalFormalAssembly.pullback_one' depends on axioms: [propext, Classical.choice, Quot.sound]
'WasowGlobalFormalAssembly.regularRealization' depends on axioms: [propext, Classical.choice, Quot.sound]
'WasowGlobalFormalCanonical.addPhase' depends on axioms: [propext, Classical.choice, Quot.sound]
'WasowGlobalFormalCanonical.blockData' depends on axioms: [propext, Classical.choice, Quot.sound]
'WasowGlobalFormalCanonical.coefficient_addPhase' depends on axioms: [propext, Classical.choice, Quot.sound]
'WasowGlobalFormalCanonical.coefficient_blockData' depends on axioms: [propext, Classical.choice, Quot.sound]
'WasowGlobalFormalCanonical.coefficient_ramifiedData' depends on axioms: [propext, Classical.choice, Quot.sound]
'WasowGlobalFormalCanonical.coefficient_regularData' depends on axioms: [propext, Classical.choice, Quot.sound]
'WasowGlobalFormalCanonical.ramifiedData' depends on axioms: [propext, Classical.choice, Quot.sound]
'WasowGlobalFormalEdges.Change.addScalar' depends on axioms: [propext, Classical.choice, Quot.sound]
'WasowGlobalFormalEdges.Change.comp' depends on axioms: [propext, Classical.choice, Quot.sound]
'WasowGlobalFormalEdges.blockChange' depends on axioms: [propext, Classical.choice, Quot.sound]
'WasowGlobalFormalEdges.constantChange' depends on axioms: [propext, Classical.choice, Quot.sound]
'WasowGlobalFormalEdges.constant_mul' depends on axioms: [propext, Classical.choice, Quot.sound]
'WasowGlobalFormalEdges.constant_one' depends on axioms: [propext, Classical.choice, Quot.sound]
'WasowGlobalFormalEdges.derivative_constant' depends on axioms: [propext, Classical.choice, Quot.sound]
'WasowGlobalFormalEdges.differentialCoefficient_coordinate' depends on axioms: [propext, Classical.choice, Quot.sound]
'WasowGlobalFormalEdges.matrixDerivative_blocks' depends on axioms: [propext, Classical.choice, Quot.sound]
'WasowGlobalFormalEdges.normalizationChange' depends on axioms: [propext, Classical.choice, Quot.sound]
'WasowGlobalFormalEdges.powerSeriesChange' depends on axioms: [propext, Classical.choice, Quot.sound]
'WasowGlobalFormalEdges.toLaurent_coordinate' depends on axioms: [propext, Classical.choice, Quot.sound]
'WasowGlobalFormalRegular.entry_expandSeries' depends on axioms: [propext, Classical.choice, Quot.sound]
'WasowGlobalFormalRegular.pullback_regularCoefficient' depends on axioms: [propext, Classical.choice, Quot.sound]
'WasowGlobalFormalRegular.regularCoefficient_blocks' depends on axioms: [propext, Classical.choice, Quot.sound]
'WasowGlobalFormalRegular.regularCoefficient_neg' depends on axioms: [propext, Classical.choice, Quot.sound]
'WasowGlobalFormalRegular.toLaurent_blockSeries' depends on axioms: [propext, Classical.choice, Quot.sound]
'WasowGlobalFormalRegular.toLaurent_expandSeries' depends on axioms: [propext, Classical.choice, Quot.sound]
'WasowGlobalFormalRegular.toLaurent_smul_entry' depends on axioms: [propext, Classical.choice, Quot.sound]
'WasowGlobalFormalSplit.componentChange' depends on axioms: [propext, Classical.choice, Quot.sound]
'WasowGlobalFormalSplit.continuingSlope' depends on axioms: [propext, Classical.choice, Quot.sound]
'WasowGlobalFormalSplit.coordinateSeries_eq' depends on axioms: [propext, Classical.choice, Quot.sound]
'WasowGlobalFormalSplit.differentialCoefficient_restore' depends on axioms: [propext, Classical.choice, Quot.sound]
'WasowGlobalFormalSplit.differentialCoefficient_scalar' depends on axioms: [propext, Classical.choice, Quot.sound]
'WasowGlobalFormalSplit.differentialCoefficient_split' depends on axioms: [propext, Classical.choice, Quot.sound]
'WasowGlobalFormalSplit.familyChange' depends on axioms: [propext, Classical.choice, Quot.sound]
'WasowGlobalFormalSplit.ramifyChange' depends on axioms: [propext, Classical.choice, Quot.sound]
'WasowGlobalFormalSplit.shearChange' depends on axioms: [propext, Classical.choice, Quot.sound]
'WasowGlobalFormalSplit.shearingRank_eq' depends on axioms: [propext, Classical.choice, Quot.sound]
'WasowGlobalFormalSplit.singleChange' depends on axioms: [propext, Classical.choice, Quot.sound]
'WasowGlobalFormalSplit.splitChange' depends on axioms: [propext, Classical.choice, Quot.sound]
'WasowGlobalFormalSplit.toLaurent_split' depends on axioms: [propext, Classical.choice, Quot.sound]
'WasowGlobalFormalSquare.change_card' depends on axioms: [propext, Classical.choice, Quot.sound]
'WasowGlobalFormalSquare.coefficient_reindexData' depends on axioms: [propext, Classical.choice, Quot.sound]
'WasowGlobalFormalSquare.exists_global_formal_normal_form' depends on axioms: [propext, Classical.choice, Quot.sound]
'WasowGlobalFormalSquare.exists_square_global_realization' depends on axioms: [propext, Classical.choice, Quot.sound]
'WasowGlobalFormalSquare.reindexData' depends on axioms: [propext, Classical.choice, Quot.sound]
'WasowGlobalFormalSquare.squareChange' depends on axioms: [propext, Classical.choice, Quot.sound]
'WasowGlobalFormalSquare.toSquare' depends on axioms: [propext, Classical.choice, Quot.sound]
'WasowGlobalFormalTree.exists_global_realization' depends on axioms: [propext, Classical.choice, Quot.sound]
'WasowGlobalFormalTree.familyRealization' depends on axioms: [propext, Classical.choice, Quot.sound]
'WasowGlobalFormalTree.reductionRealization' depends on axioms: [propext, Classical.choice, Quot.sound]
'WasowGlobalFormalTree.restoreScalar' depends on axioms: [propext, Classical.choice, Quot.sound]
'WasowGlobalFormalTree.treeRealization' depends on axioms: [propext, Classical.choice, Quot.sound]
'WasowGlobalRayData.canonical_on_ray' depends on axioms: [propext, Classical.choice, Quot.sound]
'WasowGlobalRayData.coeff_rotatedSeries' depends on axioms: [propext, Classical.choice, Quot.sound]
'WasowGlobalRayData.constantCoeff_rotatedSeries' depends on axioms: [propext, Classical.choice, Quot.sound]
'WasowGlobalRayData.direction_inv' depends on axioms: [propext, Classical.choice, Quot.sound]
'WasowGlobalRayData.direction_ne_zero' depends on axioms: [propext, Classical.choice, Quot.sound]
'WasowGlobalRayData.direction_norm' depends on axioms: [propext, Classical.choice, Quot.sound]
'WasowGlobalRayData.eval_trunc_rotatedSeries' depends on axioms: [propext, Classical.choice, Quot.sound]
'WasowGlobalRayData.eval_trunc_sum' depends on axioms: [propext, Classical.choice, Quot.sound]
'WasowGlobalRayData.eventually_power_ray_pole_free' depends on axioms: [propext, Classical.choice, Quot.sound]
'WasowGlobalRayData.eventually_source_on_ray' depends on axioms: [propext, Classical.choice, Quot.sound]
'WasowGlobalRayData.global_ray_control' depends on axioms: [propext, Classical.choice, Quot.sound]
'WasowGlobalRayData.global_target_on_ray' depends on axioms: [propext, Classical.choice, Quot.sound]
'WasowGlobalRayData.inverseRay_inv' depends on axioms: [propext, Classical.choice, Quot.sound]
'WasowGlobalRayData.inverseRay_ne_zero' depends on axioms: [propext, Classical.choice, Quot.sound]
'WasowGlobalRayData.phase_chain_factor' depends on axioms: [propext, Classical.choice, Quot.sound]
'WasowGlobalRayData.regularOnRay_eq_rotated' depends on axioms: [propext, Classical.choice, Quot.sound]
'WasowGlobalRayData.regular_chain_factor' depends on axioms: [propext, Classical.choice, Quot.sound]
'WasowGlobalRayData.source_chain_factor' depends on axioms: [propext, Classical.choice, Quot.sound]
'WasowGlobalRayData.source_on_ray' depends on axioms: [propext, Classical.choice, Quot.sound]
'WasowJordanBasis.X_smul_reversedBasis_succ' depends on axioms: [propext, Classical.choice, Quot.sound]
'WasowJordanBasis.X_smul_reversedBasis_zero' depends on axioms: [propext, Classical.choice, Quot.sound]
'WasowJordanBasis.chainBasis_apply' depends on axioms: [propext, Classical.choice, Quot.sound]
'WasowJordanBasis.chainBasis_succ' depends on axioms: [propext, Classical.choice, Quot.sound]
'WasowJordanBasis.chainBasis_zero' depends on axioms: [propext, Classical.choice, Quot.sound]
'WasowJordanBasis.exists_cyclic_decomposition' depends on axioms: [propext, Classical.choice, Quot.sound]
'WasowJordanBasis.exists_generalized_jordan_basis' depends on axioms: [propext, Classical.choice, Quot.sound]
'WasowJordanBasis.exists_jordan_basis' depends on axioms: [propext, Classical.choice, Quot.sound]
'WasowJordanBasis.exists_jordan_matrix_coordinates' depends on axioms: [propext, Classical.choice, Quot.sound]
'WasowJordanBasis.positiveBasis_apply' depends on axioms: [propext, Classical.choice, Quot.sound]
'WasowJordanBasis.positiveBasis_succ' depends on axioms: [propext, Classical.choice, Quot.sound]
'WasowJordanBasis.positiveBasis_zero' depends on axioms: [propext, Classical.choice, Quot.sound]
'WasowJordanBasis.primary_torsion' depends on axioms: [propext, Classical.choice, Quot.sound]
'WasowJordanBasis.reversedBasis_apply' depends on axioms: [propext, Classical.choice, Quot.sound]
'WasowJordanBasis.sumBasis_apply' depends on axioms: [propext, Classical.choice, Quot.sound]
'WasowJordanBasis.toMatrix_positiveBasis' depends on axioms: [propext, Classical.choice, Quot.sound]
'WasowJordanFormal.exists_scalar_multishift_powerSeries' depends on axioms: [propext, Classical.choice, Quot.sound]
'WasowJordanFormal.exists_single_eigenvalue_normalization' depends on axioms: [propext, Classical.choice, Quot.sound]
'WasowJordanFormal.scalarSeries_commute' depends on axioms: [propext, Classical.choice, Quot.sound]
'WasowLaurentActualResidual.clearedDefect_continuousAt' depends on axioms: [propext, Classical.choice, Quot.sound]
'WasowLaurentActualResidual.finiteGauge_hasDerivAt' depends on axioms: [propext, Classical.choice, Quot.sound]
'WasowLaurentActualResidual.rawDefect_eq' depends on axioms: [propext, Classical.choice, Quot.sound]
'WasowLaurentChainTail.chainFactor_continuousOn' depends on axioms: [propext, Classical.choice, Quot.sound]
'WasowLaurentChainTail.conjugated_eq' depends on axioms: [propext, Classical.choice, Quot.sound]
'WasowLaurentChainTail.exists_bound' depends on axioms: [propext, Classical.choice, Quot.sound]
'WasowLaurentChainTail.exists_small_tail' depends on axioms: [propext, Classical.choice, Quot.sound]
'WasowLaurentClearing.automatic_cleared_data' depends on axioms: [propext, Classical.choice, Quot.sound]
'WasowLaurentClearing.clearAt_poleOrder' depends on axioms: [propext, Classical.choice, Quot.sound]
'WasowLaurentClearing.commonOrder_bounds' depends on axioms: [propext, Classical.choice, Quot.sound]
'WasowLaurentClearing.equation_clearAt' depends on axioms: [propext, Classical.choice, Quot.sound]
'WasowLaurentClearing.recover_clearAt' depends on axioms: [propext, Classical.choice, Quot.sound]
'WasowLaurentClearing.toLaurent_clearAt' depends on axioms: [propext, Classical.choice, Quot.sound]
'WasowLaurentConjugatedTail.exists_bound' depends on axioms: [propext, Classical.choice, Quot.sound]
'WasowLaurentConjugatedTail.exists_small_tail' depends on axioms: [propext, Classical.choice, Quot.sound]
'WasowLaurentExactAssembly.exists_approximateRayGauge_of_laurent_regular' depends on axioms: [propext,
 Classical.choice,
 Quot.sound]
'WasowLaurentExactAssembly.exists_exact_rayGauge_of_laurent_regular' depends on axioms: [propext,
 Classical.choice,
 Quot.sound]
'WasowLaurentExactAssembly.product_mulVec_bound' depends on axioms: [propext, Classical.choice, Quot.sound]
'WasowLaurentFiniteRealization.finite_realization' depends on axioms: [propext, Classical.choice, Quot.sound]
'WasowLaurentFiniteRealization.finite_realization_common' depends on axioms: [propext, Classical.choice, Quot.sound]
'WasowLaurentFiniteRealization.gauge_differentiableAt' depends on axioms: [propext, Classical.choice, Quot.sound]
'WasowLaurentFiniteRealization.residual_isBigO' depends on axioms: [propext, Classical.choice, Quot.sound]
'WasowLaurentFiniteRealization.residual_small_ray_tail' depends on axioms: [propext, Classical.choice, Quot.sound]
'WasowLaurentFiniteRealization.transformed_equation' depends on axioms: [propext, Classical.choice, Quot.sound]
'WasowLaurentGauge.derivative_coeff' depends on axioms: [propext, Classical.choice, Quot.sound]
'WasowLaurentGauge.derivative_monomial_mul' depends on axioms: [propext, Classical.choice, Quot.sound]
'WasowLaurentGauge.derivative_mul' depends on axioms: [propext, Classical.choice, Quot.sound]
'WasowLaurentGauge.derivative_powerSeries' depends on axioms: [propext, Classical.choice, Quot.sound]
'WasowLaurentGauge.gaugeEquation_comp' depends on axioms: [propext, Classical.choice, Quot.sound]
'WasowLaurentGauge.matrixDerivative_mul' depends on axioms: [propext, Classical.choice, Quot.sound]
'WasowLaurentGauge.powerSeries_gauge_equation' depends on axioms: [propext, Classical.choice, Quot.sound]
'WasowLaurentGauge.toLaurent_C' depends on axioms: [propext, Classical.choice, Quot.sound]
'WasowLaurentGauge.toLaurent_X_pow' depends on axioms: [propext, Classical.choice, Quot.sound]
'WasowLaurentGauge.toLaurent_apply' depends on axioms: [propext, Classical.choice, Quot.sound]
'WasowLaurentGauge.toLaurent_derivative' depends on axioms: [propext, Classical.choice, Quot.sound]
'WasowLaurentGauge.toLaurent_inverses' depends on axioms: [propext, Classical.choice, Quot.sound]
'WasowLaurentGaugeControl.exists_control' depends on axioms: [propext, Classical.choice, Quot.sound]
'WasowLaurentGaugeControl.exists_finiteGauge' depends on axioms: [propext, Classical.choice, Quot.sound]
'WasowLaurentInverse.eventually_inverse_bounds' depends on axioms: [propext, Classical.choice, Quot.sound]
'WasowLaurentInverse.eventually_inverse_bounds_of_laurent' depends on axioms: [propext, Classical.choice, Quot.sound]
'WasowLaurentInverse.eventually_inverse_continuousAt' depends on axioms: [propext, Classical.choice, Quot.sound]
'WasowLaurentInverse.exists_inverse_real_tail_bounds' depends on axioms: [propext, Classical.choice, Quot.sound]
'WasowLaurentInverse.exists_product_error' depends on axioms: [propext, Classical.choice, Quot.sound]
'WasowLaurentInverse.finiteGauge_hasDerivAt' depends on axioms: [propext, Classical.choice, Quot.sound]
'WasowLaurentInverse.finiteGauge_inverse_isBigO' depends on axioms: [propext, Classical.choice, Quot.sound]
'WasowLaurentInverse.finiteGauge_product_tendsto' depends on axioms: [propext, Classical.choice, Quot.sound]
'WasowLaurentInverse.inverse_eq_right_factor' depends on axioms: [propext, Classical.choice, Quot.sound]
'WasowLaurentInverse.inverse_real_tendsto_punctured' depends on axioms: [propext, Classical.choice, Quot.sound]
'WasowLaurentPhase.derivative_phase_ramify' depends on axioms: [propext, Classical.choice, Quot.sound]
'WasowLaurentPhase.derivative_rankPhase' depends on axioms: [propext, Classical.choice, Quot.sound]
'WasowLaurentPhase.phaseLaurent_add' depends on axioms: [propext, Classical.choice, Quot.sound]
'WasowLaurentPhase.phaseLaurent_eq_sum' depends on axioms: [propext, Classical.choice, Quot.sound]
'WasowLaurentPhase.phaseLaurent_monomial' depends on axioms: [propext, Classical.choice, Quot.sound]
'WasowLaurentPhase.phaseLaurent_zero' depends on axioms: [propext, Classical.choice, Quot.sound]
'WasowLaurentPhase.ramify_phaseLaurent' depends on axioms: [propext, Classical.choice, Quot.sound]
'WasowLaurentRamification.derivative_ramify' depends on axioms: [propext, Classical.choice, Quot.sound]
'WasowLaurentRamification.gaugeEquation_ramify' depends on axioms: [propext, Classical.choice, Quot.sound]
'WasowLaurentRamification.jacobian_comp' depends on axioms: [propext, Classical.choice, Quot.sound]
'WasowLaurentRamification.matrixDerivative_ramify' depends on axioms: [propext, Classical.choice, Quot.sound]
'WasowLaurentRamification.pullback_comp' depends on axioms: [propext, Classical.choice, Quot.sound]
'WasowLaurentRamification.ramifyMatrix_comp' depends on axioms: [propext, Classical.choice, Quot.sound]
'WasowLaurentRamification.ramifyMatrix_inverses' depends on axioms: [propext, Classical.choice, Quot.sound]
'WasowLaurentRamification.ramifyMatrix_mul' depends on axioms: [propext, Classical.choice, Quot.sound]
'WasowLaurentRamification.ramify_coeff_mul' depends on axioms: [propext, Classical.choice, Quot.sound]
'WasowLaurentRamification.ramify_coeff_of_not_dvd' depends on axioms: [propext, Classical.choice, Quot.sound]
'WasowLaurentRamification.ramify_comp' depends on axioms: [propext, Classical.choice, Quot.sound]
'WasowLaurentRamification.ramify_one' depends on axioms: [propext, Classical.choice, Quot.sound]
'WasowLaurentRamification.ramify_powerSeries' depends on axioms: [propext, Classical.choice, Quot.sound]
'WasowLaurentRamification.ramify_single' depends on axioms: [propext, Classical.choice, Quot.sound]
'WasowLaurentRayEquation.chainFactor_norm' depends on axioms: [propext, Classical.choice, Quot.sound]
'WasowLaurentRayEquation.finiteGauge_onRay_hasDerivAt' depends on axioms: [propext, Classical.choice, Quot.sound]
'WasowLaurentRayEquation.finiteGauge_ray_equation' depends on axioms: [propext, Classical.choice, Quot.sound]
'WasowLaurentRayEquation.finite_realization_on_ray' depends on axioms: [propext, Classical.choice, Quot.sound]
'WasowLaurentRayEquation.inverseRay_hasDerivAt' depends on axioms: [propext, Classical.choice, Quot.sound]
'WasowLaurentRayEquation.onRay_hasDerivAt' depends on axioms: [propext, Classical.choice, Quot.sound]
'WasowLaurentRayEquation.ray_equation' depends on axioms: [propext, Classical.choice, Quot.sound]
'WasowLaurentRemainder.eventually_remainder_bound' depends on axioms: [propext, Classical.choice, Quot.sound]
'WasowLaurentRemainder.finiteGauge_eq' depends on axioms: [propext, Classical.choice, Quot.sound]
'WasowLaurentRemainder.remainder_isBigO' depends on axioms: [propext, Classical.choice, Quot.sound]
'WasowLaurentResidual.derivative_monomial_smul' depends on axioms: [propext, Classical.choice, Quot.sound]
'WasowLaurentResidual.equation_of_laurent' depends on axioms: [propext, Classical.choice, Quot.sound]
'WasowLaurentResidual.monomial_mul' depends on axioms: [propext, Classical.choice, Quot.sound]
'WasowLaurentResidual.monomial_zero' depends on axioms: [propext, Classical.choice, Quot.sound]
'WasowLaurentResidual.toLaurent_injective' depends on axioms: [propext, Classical.choice, Quot.sound]
'WasowLaurentResidual.toLaurent_smul' depends on axioms: [propext, Classical.choice, Quot.sound]
'WasowLaurentShearing.diagonalGauge_derivative' depends on axioms: [propext, Classical.choice, Quot.sound]
'WasowLaurentShearing.diagonalGauge_inverses' depends on axioms: [propext, Classical.choice, Quot.sound]
'WasowLaurentShearing.differentialCoefficientZ_nat' depends on axioms: [propext, Classical.choice, Quot.sound]
'WasowLaurentShearing.entry_flattenSeries' depends on axioms: [propext, Classical.choice, Quot.sound]
'WasowLaurentShearing.gaugeEquation_of_clear_powers' depends on axioms: [propext, Classical.choice, Quot.sound]
'WasowLaurentShearing.gaugeEquation_shearing' depends on axioms: [propext, Classical.choice, Quot.sound]
'WasowLaurentShearing.shearingRank_cast' depends on axioms: [propext, Classical.choice, Quot.sound]
'WasowLaurentShearing.shearingRank_stopping' depends on axioms: [propext, Classical.choice, Quot.sound]
'WasowLaurentShearing.shearing_clear_laurent' depends on axioms: [propext, Classical.choice, Quot.sound]
'WasowLaurentShearing.shearing_inverses' depends on axioms: [propext, Classical.choice, Quot.sound]
'WasowLaurentTail.eventually_remainder_continuousAt' depends on axioms: [propext, Classical.choice, Quot.sound]
'WasowLaurentTail.exists_ray_tail_bound' depends on axioms: [propext, Classical.choice, Quot.sound]
'WasowLaurentTail.exists_small_ray_tail' depends on axioms: [propext, Classical.choice, Quot.sound]
'WasowLaurentTail.rawDefect_continuousAt' depends on axioms: [propext, Classical.choice, Quot.sound]
'WasowLaurentTail.ray_tendsto_punctured' depends on axioms: [propext, Classical.choice, Quot.sound]
'WasowLaurentTail.remainder_small_ray_tail' depends on axioms: [propext, Classical.choice, Quot.sound]
'WasowLaurentTruncation.cleared_inverse_pair' depends on axioms: [propext, Classical.choice, Quot.sound]
'WasowLaurentTruncation.cleared_mul' depends on axioms: [propext, Classical.choice, Quot.sound]
'WasowLaurentTruncation.entry_cleared' depends on axioms: [propext, Classical.choice, Quot.sound]
'WasowLaurentTruncation.poleOrder_add_order_nonneg' depends on axioms: [propext, Classical.choice, Quot.sound]
'WasowLaurentTruncation.recover_cleared' depends on axioms: [propext, Classical.choice, Quot.sound]
'WasowLaurentTruncation.toLaurent_cleared' depends on axioms: [propext, Classical.choice, Quot.sound]
'WasowLaurentTruncation.toLaurent_injective' depends on axioms: [propext, Classical.choice, Quot.sound]
'WasowLaurentTruncation.trunc_product_divisible' depends on axioms: [propext, Classical.choice, Quot.sound]
'WasowLeadingBlocks.blockSpace_ne_bot' depends on axioms: [propext, Classical.choice, Quot.sound]
'WasowLeadingBlocks.block_finrank' depends on axioms: [propext, Classical.choice, Quot.sound]
'WasowLeadingBlocks.block_invariant' depends on axioms: [propext, Classical.choice, Quot.sound]
'WasowLeadingBlocks.change_mul_inverse' depends on axioms: [propext, Classical.choice, Quot.sound]
'WasowLeadingBlocks.eigenvalues_injective' depends on axioms: [propext, Classical.choice, Quot.sound]
'WasowLeadingBlocks.internal_blocks' depends on axioms: [propext, Classical.choice, Quot.sound]
'WasowLeadingBlocks.inverse_mul_change' depends on axioms: [propext, Classical.choice, Quot.sound]
'WasowLeadingBlocks.matrixCoordinates_apply' depends on axioms: [propext, Classical.choice, Quot.sound]
'WasowLeadingBlocks.matrixCoordinates_leading' depends on axioms: [propext, Classical.choice, Quot.sound]
'WasowLeadingBlocks.matrix_conjugation' depends on axioms: [propext, Classical.choice, Quot.sound]
'WasowLeadingBlocks.nilpotentBlock_isNilpotent' depends on axioms: [propext, Classical.choice, Quot.sound]
'WasowLeadingBlocks.restriction_sub_nilpotent' depends on axioms: [propext, Classical.choice, Quot.sound]
'WasowLeadingBlocks.toMatrix_eq_leading' depends on axioms: [propext, Classical.choice, Quot.sound]
'WasowMatrixBounds.eventually_det_ne_zero' depends on axioms: [propext, Classical.choice, Quot.sound]
'WasowMatrixBounds.eventually_inverse_identities' depends on axioms: [propext, Classical.choice, Quot.sound]
'WasowMatrixBounds.eventually_uniform_mulVec_bounds' depends on axioms: [propext, Classical.choice, Quot.sound]
'WasowMatrixBounds.mulVec_norm_le' depends on axioms: [propext, Classical.choice, Quot.sound]
'WasowMatrixBounds.tendsto_inv_of_tendsto_one' depends on axioms: [propext, Classical.choice, Quot.sound]
'WasowMatrixPolynomial.coe_derivative' depends on axioms: [propext, Classical.choice, Quot.sound]
'WasowMatrixPolynomial.continuous_eval' depends on axioms: [propext, Classical.choice, Quot.sound]
'WasowMatrixPolynomial.eval_C' depends on axioms: [propext, Classical.choice, Quot.sound]
'WasowMatrixPolynomial.eval_X' depends on axioms: [propext, Classical.choice, Quot.sound]
'WasowMatrixPolynomial.eval_X_pow_mul' depends on axioms: [propext, Classical.choice, Quot.sound]
'WasowMatrixPolynomial.eval_add' depends on axioms: [propext, Classical.choice, Quot.sound]
'WasowMatrixPolynomial.eval_derivative_eq_sum' depends on axioms: [propext, Classical.choice, Quot.sound]
'WasowMatrixPolynomial.eval_eq_sum' depends on axioms: [propext, Classical.choice, Quot.sound]
'WasowMatrixPolynomial.eval_mul' depends on axioms: [propext, Classical.choice, Quot.sound]
'WasowMatrixPolynomial.eval_sub' depends on axioms: [propext, Classical.choice, Quot.sound]
'WasowMatrixPolynomial.hasDerivAt_eval' depends on axioms: [propext, Classical.choice, Quot.sound]
'WasowMatrixPolynomial.isBigO_eval_of_X_pow_dvd' depends on axioms: [propext, Classical.choice, Quot.sound]
'WasowMinorEquivalence.dvd_minor_left_product' depends on axioms: [propext, Classical.choice, Quot.sound]
'WasowMinorEquivalence.dvd_minor_right_product' depends on axioms: [propext, Classical.choice, Quot.sound]
'WasowMinorEquivalence.minorGCD_dvd_two_sided' depends on axioms: [propext, Classical.choice, Quot.sound]
'WasowMinorEquivalence.minorGCD_equivalent' depends on axioms: [propext, Classical.choice, Quot.sound]
'WasowMinorEquivalence.minorGCD_reindex' depends on axioms: [propext, Classical.choice, Quot.sound]
'WasowMinorExpansion.det_rectangular_mul' depends on axioms: [propext, Classical.choice, Quot.sound]
'WasowMinorExpansion.dvd_minor_mul' depends on axioms: [propext, Classical.choice, Quot.sound]
'WasowMinorExpansion.dvd_minor_mul_left' depends on axioms: [propext, Classical.choice, Quot.sound]
'WasowMinorInvariance.degreeMass_equivalent' depends on axioms: [propext, Classical.choice, Quot.sound]
'WasowMinorInvariance.minorDegree_equivalent' depends on axioms: [propext, Classical.choice, Quot.sound]
'WasowMinorInvariance.minorGCD_dvd_left_mul' depends on axioms: [propext, Classical.choice, Quot.sound]
'WasowMinorInvariance.minorGCD_dvd_right_mul' depends on axioms: [propext, Classical.choice, Quot.sound]
'WasowMinorInvariance.minorGCD_equivalent' depends on axioms: [propext, Classical.choice, Quot.sound]
'WasowMinorInvariance.minorGCD_left_mul' depends on axioms: [propext, Classical.choice, Quot.sound]
'WasowMinorInvariance.minorGCD_right_mul' depends on axioms: [propext, Classical.choice, Quot.sound]
'WasowMultiBlockReduction.block_diagonal_mul' depends on axioms: [propext, Classical.choice, Quot.sound]
'WasowMultiBlockReduction.block_mul_diagonal' depends on axioms: [propext, Classical.choice, Quot.sound]
'WasowMultiBlockReduction.exists_formal_multiblock_reduction' depends on axioms: [propext, Classical.choice, Quot.sound]
'WasowMultiBlockReduction.exists_multiblock_step' depends on axioms: [propext, Classical.choice, Quot.sound]
'WasowMultiShiftReduction.block_assemble' depends on axioms: [propext, Classical.choice, Quot.sound]
'WasowMultiShiftReduction.block_jordanShift_mul' depends on axioms: [propext, Classical.choice, Quot.sound]
'WasowMultiShiftReduction.block_mul_jordanShift' depends on axioms: [propext, Classical.choice, Quot.sound]
'WasowMultiShiftReduction.exists_formal_multishift_reduction' depends on axioms: [propext, Classical.choice, Quot.sound]
'WasowMultiShiftReduction.exists_multishift_step' depends on axioms: [propext, Classical.choice, Quot.sound]
'WasowNilpotentNormalized.krylovRows_det_one' depends on axioms: [propext, Classical.choice, Quot.sound]
'WasowNilpotentNormalized.krylovRows_intertwines' depends on axioms: [propext, Classical.choice, Quot.sound]
'WasowNilpotentNormalized.krylovRows_last_column' depends on axioms: [propext, Classical.choice, Quot.sound]
'WasowNilpotentNormalized.left_mul_last_row' depends on axioms: [propext, Classical.choice, Quot.sound]
'WasowNilpotentNormalized.nilpotent_normalized_eq_shift' depends on axioms: [propext, Classical.choice, Quot.sound]
'WasowNilpotentNormalized.nilpotent_pow_size' depends on axioms: [propext, Classical.choice, Quot.sound]
'WasowNilpotentNormalized.normalized_single_eigenvalue_similarity' depends on axioms: [propext,
 Classical.choice,
 Quot.sound]
'WasowNilpotentNormalized.pow_first_row' depends on axioms: [propext, Classical.choice, Quot.sound]
'WasowNilpotentNormalized.pow_first_row_triangular' depends on axioms: [propext, Classical.choice, Quot.sound]
'WasowNilpotentNormalized.right_mul_last_row' depends on axioms: [propext, Classical.choice, Quot.sound]
'WasowNilpotentNormalized.right_mul_nonzero' depends on axioms: [propext, Classical.choice, Quot.sound]
'WasowNormalizedLemma.existsUnique_normalized_lemma_19_1' depends on axioms: [propext, Classical.choice, Quot.sound]
'WasowNormalizedLemma.existsUnique_normalized_multishift_step' depends on axioms: [propext,
 Classical.choice,
 Quot.sound]
'WasowNormalizedLemma.existsUnique_normalized_step' depends on axioms: [propext, Classical.choice, Quot.sound]
'WasowNormalizedLemma.normalized_multishift_step_unique' depends on axioms: [propext, Classical.choice, Quot.sound]
'WasowNormalizedLemma.normalized_step_unique' depends on axioms: [propext, Classical.choice, Quot.sound]
'WasowNormalizedRecurrence.existsUnique_formal_multishift_reduction' depends on axioms: [propext,
 Classical.choice,
 Quot.sound]
'WasowNormalizedRecurrence.existsUnique_formal_shift_reduction' depends on axioms: [propext,
 Classical.choice,
 Quot.sound]
'WasowNormalizedRecurrence.existsUnique_normalized_multishift_powerSeries' depends on axioms: [propext,
 Classical.choice,
 Quot.sound]
'WasowNormalizedRecurrence.normalized_formal_solution_unique' depends on axioms: [propext, Classical.choice, Quot.sound]
'WasowNormalizedRecurrence.normalized_multishift_powerSeries_unique' depends on axioms: [propext,
 Classical.choice,
 Quot.sound]
'WasowNormalizedRecurrence.powerSeries_solution_coefficients' depends on axioms: [propext, Classical.choice, Quot.sound]
'WasowNormalizedRecurrence.step_of_coefficient_identity' depends on axioms: [propext, Classical.choice, Quot.sound]
'WasowOrderedShearing.exists_slope_with_pencil_descent' depends on axioms: [propext, Classical.choice, Quot.sound]
'WasowOrderedShearing.flatCoefficients_apply' depends on axioms: [propext, Classical.choice, Quot.sound]
'WasowOrderedShearing.flat_initial_shape' depends on axioms: [propext, Classical.choice, Quot.sound]
'WasowOrderedShearing.flat_normalized_rows' depends on axioms: [propext, Classical.choice, Quot.sound]
'WasowOrderedShearing.flatten_block_lt' depends on axioms: [propext, Classical.choice, Quot.sound]
'WasowOrderedShearing.flatten_val' depends on axioms: [propext, Classical.choice, Quot.sound]
'WasowOrderedShearing.fractional_single_eigen_feedback' depends on axioms: [propext, Classical.choice, Quot.sound]
'WasowOrderedShearing.fractional_single_eigen_strict_drop' depends on axioms: [propext, Classical.choice, Quot.sound]
'WasowOrderedShearing.jordan_nonzero_flat_adjacent' depends on axioms: [propext, Classical.choice, Quot.sound]
'WasowOrderedShearing.prefix_sum_le' depends on axioms: [propext, Classical.choice, Quot.sound]
'WasowOrderedShearing.shearedLeading_lastRowForm' depends on axioms: [propext, Classical.choice, Quot.sound]
'WasowOrderedShearing.shearedLeading_lowerBlocks' depends on axioms: [propext, Classical.choice, Quot.sound]
'WasowOrderedShearing.shearedLeading_single_eigen_mass_le' depends on axioms: [propext, Classical.choice, Quot.sound]
'WasowPaddedDescent.paddedDegrees_monotone' depends on axioms: [propext, Quot.sound]
'WasowPaddedDescent.padded_degreeMass_strict_drop' depends on axioms: [propext, Classical.choice, Quot.sound]
'WasowPaddedDescent.padded_diagonal' depends on axioms: [propext, Classical.choice, Quot.sound]
'WasowPaddedDescent.padded_entry' depends on axioms: [propext, Classical.choice, Quot.sound]
'WasowPaddedDescent.padded_lowerTriangular' depends on axioms: [propext, Classical.choice, Quot.sound]
'WasowPencilCoefficients.natDegree_rowPolynomial_lt' depends on axioms: [propext, Classical.choice, Quot.sound]
'WasowPencilCoefficients.neg_rowPolynomial_nonzero_degree' depends on axioms: [propext, Classical.choice, Quot.sound]
'WasowPencilCoefficients.rowPolynomial_coeff' depends on axioms: [propext, Classical.choice, Quot.sound]
'WasowPencilCoefficients.rowPolynomial_eq_sum_C_mul_X_pow' depends on axioms: [propext, Classical.choice, Quot.sound]
'WasowPencilCoefficients.rowPolynomial_eq_zero_iff' depends on axioms: [propext, Classical.choice, Quot.sound]
'WasowPencilCoefficients.rowPolynomial_ne_zero_iff' depends on axioms: [propext, Classical.choice, Quot.sound]
'WasowPencilCoordinates.card_eq_of_two_sided_inverse' depends on axioms: [propext, Classical.choice, Quot.sound]
'WasowPencilCoordinates.degreeMass_coordinates' depends on axioms: [propext, Classical.choice, Quot.sound]
'WasowPencilCoordinates.degreeMass_translated_coordinates' depends on axioms: [propext, Classical.choice, Quot.sound]
'WasowPencilCoordinates.minorGCD_coordinates' depends on axioms: [propext, Classical.choice, Quot.sound]
'WasowPencilCoordinates.pencil_coordinates' depends on axioms: [propext, Classical.choice, Quot.sound]
'WasowPencilDescent.degreeMass_fin' depends on axioms: [propext, Classical.choice, Quot.sound]
'WasowPencilDescent.degreeMass_fromBlocks' depends on axioms: [propext, Classical.choice, Quot.sound]
'WasowPencilDescent.degreeMass_jordan_model' depends on axioms: [propext, Classical.choice, Quot.sound]
'WasowPencilDescent.degreeMass_pencil' depends on axioms: [propext, Classical.choice, Quot.sound]
'WasowPencilDescent.degreeMass_pencil_model' depends on axioms: [propext, Classical.choice, Quot.sound]
'WasowPencilDescent.degreeMass_reindex' depends on axioms: [propext, Classical.choice, Quot.sound]
'WasowPencilDescent.jordan_lastRowForm' depends on axioms: [propext, Classical.choice, Quot.sound]
'WasowPencilDescent.jordan_lastRow_zero' depends on axioms: [propext, Classical.choice, Quot.sound]
'WasowPencilDescent.padded_diagonal' depends on axioms: [propext, Classical.choice, Quot.sound]
'WasowPencilDescent.pencil_degreeMass_le' depends on axioms: [propext, Classical.choice, Quot.sound]
'WasowPencilDescent.pencil_degreeMass_strict_drop' depends on axioms: [propext, Classical.choice, Quot.sound]
'WasowPencilDescent.presentation_diag' depends on axioms: [propext, Classical.choice, Quot.sound]
'WasowPencilDescent.presentation_jordan' depends on axioms: [propext, Classical.choice, Quot.sound]
'WasowPencilDescent.presentation_lower' depends on axioms: [propext, Classical.choice, Quot.sound]
'WasowPencilElimination.auxiliary_inverse' depends on axioms: [propext, Classical.choice, Quot.sound]
'WasowPencilElimination.elimination_inverse' depends on axioms: [propext, Classical.choice, Quot.sound]
'WasowPencilElimination.elimination_mul' depends on axioms: [propext, Classical.choice, Quot.sound]
'WasowPencilElimination.localB_det' depends on axioms: [propext, Classical.choice, Quot.sound]
'WasowPencilElimination.localB_isUnit_det' depends on axioms: [propext, Classical.choice, Quot.sound]
'WasowPencilElimination.localB_lowerTriangular' depends on axioms: [propext, Classical.choice, Quot.sound]
'WasowPencilReduction.afterColumns_apply' depends on axioms: [propext, Classical.choice, Quot.sound]
'WasowPencilReduction.afterColumns_bottom_right' depends on axioms: [propext, Classical.choice, Quot.sound]
'WasowPencilReduction.afterColumns_eq' depends on axioms: [propext, Classical.choice, Quot.sound]
'WasowPencilReduction.afterColumns_top_left' depends on axioms: [propext, Classical.choice, Quot.sound]
'WasowPencilReduction.afterColumns_top_right' depends on axioms: [propext, Classical.choice, Quot.sound]
'WasowPencilReduction.column_single_left' depends on axioms: [propext, Classical.choice, Quot.sound]
'WasowPencilReduction.column_single_right' depends on axioms: [propext, Classical.choice, Quot.sound]
'WasowPencilReduction.column_succ' depends on axioms: [propext, Classical.choice, Quot.sound]
'WasowPencilReduction.column_zero' depends on axioms: [propext, Classical.choice, Quot.sound]
'WasowPencilReduction.exists_pencil_reduction' depends on axioms: [propext, Classical.choice, Quot.sound]
'WasowPencilReduction.inverse_mul_right' depends on axioms: [propext, Classical.choice, Quot.sound]
'WasowPencilReduction.inverse_mul_row' depends on axioms: [propext, Classical.choice, Quot.sound]
'WasowPencilReduction.pencil_mulVec_top' depends on axioms: [propext, Classical.choice, Quot.sound]
'WasowPencilReduction.presentation_diagonal' depends on axioms: [propext, Classical.choice, Quot.sound]
'WasowPencilReduction.presentation_offDiagonal' depends on axioms: [propext, Classical.choice, Quot.sound]
'WasowPencilReduction.presentation_offDiagonal_nonzero_degree' depends on axioms: [propext,
 Classical.choice,
 Quot.sound]
'WasowPencilReduction.right_mul_inverse' depends on axioms: [propext, Classical.choice, Quot.sound]
'WasowPencilReduction.row_mul_inverse' depends on axioms: [propext, Classical.choice, Quot.sound]
'WasowPencilScaling.degreeMass_scaleEquiv' depends on axioms: [propext, Classical.choice, Quot.sound]
'WasowPencilScaling.degreeMass_smul' depends on axioms: [propext, Classical.choice, Quot.sound]
'WasowPencilScaling.degreeMass_smul_C' depends on axioms: [propext, Classical.choice, Quot.sound]
'WasowPencilScaling.isNilpotent_unscale' depends on axioms: [propext, Classical.choice, Quot.sound]
'WasowPencilScaling.minorGCD_smul_C' depends on axioms: [propext, Classical.choice, Quot.sound]
'WasowPencilScaling.natDegree_scaleEquiv' depends on axioms: [propext, Classical.choice, Quot.sound]
'WasowPencilScaling.pencil_smul' depends on axioms: [propext, Classical.choice, Quot.sound]
'WasowPencilScaling.scaleEquiv_apply' depends on axioms: [propext, Classical.choice, Quot.sound]
'WasowPencilSimilarity.degreeMass_similarity' depends on axioms: [propext, Classical.choice, Quot.sound]
'WasowPencilSimilarity.degreeMass_sub_scalar' depends on axioms: [propext, Classical.choice, Quot.sound]
'WasowPencilSimilarity.degreeMass_translate' depends on axioms: [propext, Classical.choice, Quot.sound]
'WasowPencilSimilarity.minorGCD_map_associated' depends on axioms: [propext, Classical.choice, Quot.sound]
'WasowPencilSimilarity.minorGCD_translate_degree' depends on axioms: [propext, Classical.choice, Quot.sound]
'WasowPencilSimilarity.natDegree_translate' depends on axioms: [propext, Classical.choice, Quot.sound]
'WasowPencilSimilarity.pencil_similarity' depends on axioms: [propext, Classical.choice, Quot.sound]
'WasowPencilSimilarity.pencil_sub_scalar' depends on axioms: [propext, Classical.choice, Quot.sound]
'WasowPencilSimilarity.single_eigen_pencil_mass_le' depends on axioms: [propext, Classical.choice, Quot.sound]
'WasowPencilSimilarity.single_eigen_pencil_mass_strict' depends on axioms: [propext, Classical.choice, Quot.sound]
'WasowPhaseFamily.commonDenominator_pos' depends on axioms: [propext, Classical.choice, Quot.sound]
'WasowPhaseFamily.commonFamily_coeff_zero' depends on axioms: [propext, Classical.choice, Quot.sound]
'WasowPhaseFamily.common_refinement_mul' depends on axioms: [propext, Classical.choice, Quot.sound]
'WasowPhaseFamily.common_refinement_pos' depends on axioms: [propext, Classical.choice, Quot.sound]
'WasowPhaseFamily.constant_family_pullback' depends on axioms: [propext, Classical.choice, Quot.sound]
'WasowPhaseFamily.denominator_dvd_common' depends on axioms: [propext, Classical.choice, Quot.sound]
'WasowPhaseFamily.deriv_phaseOnRay_refine' depends on axioms: [propext, Classical.choice, Quot.sound]
'WasowPhaseFamily.phaseOnRay_commonFamily' depends on axioms: [propext, Classical.choice, Quot.sound]
'WasowPhaseFamily.phaseOnRay_refine' depends on axioms: [propext, Classical.choice, Quot.sound]
'WasowPhaseFamily.refinePhase_coeff_zero' depends on axioms: [propext, Classical.choice, Quot.sound]
'WasowPhaseFamily.refinedWitness' depends on axioms: [propext, Classical.choice, Quot.sound]
'WasowPhaseFamily.rootOnRay_refine' depends on axioms: [propext, Classical.choice, Quot.sound]
'WasowPhaseFamily.shearing_family_pullback' depends on axioms: [propext, Classical.choice, Quot.sound]
'WasowPhaseFamilyBlocks.assemble_rayGauge' depends on axioms: [propext, Classical.choice, Quot.sound]
'WasowPhaseFamilyBlocks.blockMatrix_apply_ne' depends on axioms: [propext, Classical.choice, Quot.sound]
'WasowPhaseFamilyBlocks.blockMatrix_apply_same' depends on axioms: [propext, Classical.choice, Quot.sound]
'WasowPhaseFamilyBlocks.blockMatrix_bound' depends on axioms: [propext, Classical.choice, Quot.sound]
'WasowPhaseFamilyBlocks.blockMatrix_diagonal' depends on axioms: [propext, Classical.choice, Quot.sound]
'WasowPhaseFamilyBlocks.blockMatrix_hasDerivAt' depends on axioms: [propext, Classical.choice, Quot.sound]
'WasowPhaseFamilyBlocks.blockMatrix_mul' depends on axioms: [propext, Classical.choice, Quot.sound]
'WasowPhaseFamilyBlocks.blockMatrix_mulVec' depends on axioms: [propext, Classical.choice, Quot.sound]
'WasowPhaseFamilyBlocks.blockMatrix_one' depends on axioms: [propext, Classical.choice, Quot.sound]
'WasowPhaseFamilyBlocks.blockMatrix_sub' depends on axioms: [propext, Classical.choice, Quot.sound]
'WasowPhaseFamilyBlocks.block_family_assembly' depends on axioms: [propext, Classical.choice, Quot.sound]
'WasowPhaseFamilyBlocks.coefficientOnRay_blockMatrix' depends on axioms: [propext, Classical.choice, Quot.sound]
'WasowPhaseFamilyRamification.descend_rayGauge' depends on axioms: [propext, Classical.choice, Quot.sound]
'WasowPhaseFamilyRamification.phaseOnRay_comp' depends on axioms: [propext, Classical.choice, Quot.sound]
'WasowPhaseFamilyRamification.phase_derivative_comp' depends on axioms: [propext, Classical.choice, Quot.sound]
'WasowPhaseFamilyRamification.ramification_family_pullback' depends on axioms: [propext, Classical.choice, Quot.sound]
'WasowPhaseFamilyRamification.rootOnRay_comp' depends on axioms: [propext, Classical.choice, Quot.sound]
'WasowPhaseNormalization.deriv_phaseOnRay_normalize' depends on axioms: [propext, Classical.choice, Quot.sound]
'WasowPhaseNormalization.exists_normalized_rayGauge' depends on axioms: [propext, Classical.choice, Quot.sound]
'WasowPhaseNormalization.normalizePhase_coeff_zero' depends on axioms: [propext, Classical.choice, Quot.sound]
'WasowPhaseNormalization.normalize_phase_family' depends on axioms: [propext, Classical.choice, Quot.sound]
'WasowPhaseNormalization.normalizedWitness' depends on axioms: [propext, Classical.choice, Quot.sound]
'WasowPhaseNormalization.phaseOnRay_normalize' depends on axioms: [propext, Classical.choice, Quot.sound]
'WasowPhaseOrdering.eval_realPhasePolynomial' depends on axioms: [propext, Classical.choice, Quot.sound]
'WasowPhaseOrdering.eventually_eval_nonneg' depends on axioms: [propext, Classical.choice, Quot.sound]
'WasowPhaseOrdering.exists_common_phase_ordering' depends on axioms: [propext, Classical.choice, Quot.sound]
'WasowPhaseOrdering.exists_monotone_tail' depends on axioms: [propext, Classical.choice, Quot.sound]
'WasowPhaseOrdering.phase_continuous' depends on axioms: [propext, Classical.choice, Quot.sound]
'WasowPhaseOrdering.phase_difference_tail_dichotomy' depends on axioms: [propext, Classical.choice, Quot.sound]
'WasowPhaseOrdering.phase_hasDerivAt' depends on axioms: [propext, Classical.choice, Quot.sound]
'WasowPhaseOrdering.polynomial_tail_dichotomy' depends on axioms: [propext, Classical.choice, Quot.sound]
'WasowPhaseOrdering.root_polynomial_tail_dichotomy' depends on axioms: [propext, Classical.choice, Quot.sound]
'WasowPhaseRealization.exists_exact_rayGauge_of_puiseux_phases' depends on axioms: [propext,
 Classical.choice,
 Quot.sound]
'WasowPhaseRealization.exists_persistent_phase_ordering' depends on axioms: [propext, Classical.choice, Quot.sound]
'WasowPhaseRealization.orderedOn_mono' depends on axioms: [propext, Classical.choice, Quot.sound]
'WasowPhaseRegularGauge.diagonal_commute_of_separated' depends on axioms: [propext, Classical.choice, Quot.sound]
'WasowPhaseRegularGauge.eval_trunc_separated' depends on axioms: [propext, Classical.choice, Quot.sound]
'WasowPhaseRegularGauge.exists_regularGauge_preserving_fibers' depends on axioms: [propext,
 Classical.choice,
 Quot.sound]
'WasowPhaseRegularGauge.matrix_solutions_commute' depends on axioms: [propext, Classical.choice, Quot.sound]
'WasowPhaseRegularGauge.regularCoefficient_commute' depends on axioms: [propext, Classical.choice, Quot.sound]
'WasowPhaseTree.denominator_pos' depends on axioms: [propext, Classical.choice, Quot.sound]
'WasowPhaseTree.exists_fixed_family' depends on axioms: [propext, Classical.choice, Quot.sound]
'WasowPhaseTree.family_coeff_zero' depends on axioms: [propext, Classical.choice, Quot.sound]
'WasowPhaseTree.phaseValue_eq' depends on axioms: [propext, Classical.choice, Quot.sound]
'WasowPolynomialPhase.derivative_zeroConstantPrimitive' depends on axioms: [propext, Classical.choice, Quot.sound]
'WasowPolynomialPhase.phase_hasDerivAt' depends on axioms: [propext, Classical.choice, Quot.sound]
'WasowPolynomialPhase.rootOnRay_one' depends on axioms: [propext, Classical.choice, Quot.sound]
'WasowPolynomialPhase.zeroConstantPrimitive_coeff_zero' depends on axioms: [propext, Classical.choice, Quot.sound]
'WasowPolynomialTail.conjugated_remainder_control' depends on axioms: [propext, Classical.choice, Quot.sound]
'WasowPolynomialTail.conjugation_norm_bound' depends on axioms: [propext, Classical.choice, Quot.sound]
'WasowPolynomialTail.exists_small_conjugated_tail' depends on axioms: [propext, Classical.choice, Quot.sound]
'WasowPowerSeries.coeff_derivative' depends on axioms: [propext, Classical.choice, Quot.sound]
'WasowPowerSeries.coeff_entry' depends on axioms: [propext, Classical.choice, Quot.sound]
'WasowPowerSeries.coeff_mul_range_left' depends on axioms: [propext, Classical.choice, Quot.sound]
'WasowPowerSeries.coeff_mul_range_right' depends on axioms: [propext, Classical.choice, Quot.sound]
'WasowPowerSeries.coeff_rank_derivative' depends on axioms: [propext, Classical.choice, Quot.sound]
'WasowPowerSeries.entry_derivative' depends on axioms: [propext, Classical.choice, Quot.sound]
'WasowPowerSeries.equation_of_coefficients' depends on axioms: [propext, Classical.choice, Quot.sound]
'WasowPowerSeries.exists_inverse_of_constant_one' depends on axioms: [propext, Classical.choice, Quot.sound]
'WasowPowerSeries.isUnit_of_constant_one' depends on axioms: [propext, Classical.choice, Quot.sound]
'WasowRamification.coefficient_monomial' depends on axioms: [propext, Classical.choice, Quot.sound]
'WasowRamification.eval_polynomial_fraction' depends on axioms: [propext, Classical.choice, Quot.sound]
'WasowRamification.eval_powerSubstitution' depends on axioms: [propext, Classical.choice, Quot.sound]
'WasowRamification.eval_ramifiedScalar' depends on axioms: [propext, Classical.choice, Quot.sound]
'WasowRamification.eval_rationalCoefficient' depends on axioms: [propext, Classical.choice, Quot.sound]
'WasowRamification.exists_integral_ramification' depends on axioms: [propext, Classical.choice, Quot.sound]
'WasowRamification.integral_slope_rank_decreases' depends on axioms: [propext, Quot.sound]
'WasowRamification.polynomial_comp_pow_ne_zero' depends on axioms: [propext, Classical.choice, Quot.sound]
'WasowRamification.powerSubstitution_div' depends on axioms: [propext, Classical.choice, Quot.sound]
'WasowRamification.powerSubstitution_pole_free' depends on axioms: [propext, Classical.choice, Quot.sound]
'WasowRamification.powerSubstitution_preserves_nonZeroDivisors' depends on axioms: [propext,
 Classical.choice,
 Quot.sound]
'WasowRamification.ramified_rank' depends on axioms: [propext, Classical.choice, Quot.sound]
'WasowRamification.real_solution_hasDerivAt' depends on axioms: [propext, Classical.choice, Quot.sound]
'WasowRamification.solution_hasDerivAt' depends on axioms: [propext, Classical.choice, Quot.sound]
'WasowRamifiedCoefficient.clearAt_pullback' depends on axioms: [propext, Classical.choice, Quot.sound]
'WasowRamifiedCoefficient.pullback_coefficient' depends on axioms: [propext, Classical.choice, Quot.sound]
'WasowRamifiedGauge.coefficient_pullback' depends on axioms: [propext, Classical.choice, Quot.sound]
'WasowRamifiedGauge.descend_rayGauge' depends on axioms: [propext, Classical.choice, Quot.sound]
'WasowRamifiedGauge.direction_pow' depends on axioms: [propext, Classical.choice, Quot.sound]
'WasowRamifiedGauge.eventually_original_pole_free' depends on axioms: [propext, Classical.choice, Quot.sound]
'WasowRamifiedGauge.exists_descended_branch' depends on axioms: [propext, Classical.choice, Quot.sound]
'WasowRamifiedGauge.phase_derivative_pullback' depends on axioms: [propext, Classical.choice, Quot.sound]
'WasowRamifiedGauge.phase_root_comp' depends on axioms: [propext, Classical.choice, Quot.sound]
'WasowRamifiedGauge.ray_chain_factor' depends on axioms: [propext, Classical.choice, Quot.sound]
'WasowRamifiedGauge.ray_root_pow' depends on axioms: [propext, Classical.choice, Quot.sound]
'WasowRamifiedGauge.rootRadius_chain_factor' depends on axioms: [propext, Classical.choice, Quot.sound]
'WasowRamifiedGauge.rootRadius_hasDerivAt' depends on axioms: [propext, Classical.choice, Quot.sound]
'WasowRamifiedGauge.rootRadius_pos' depends on axioms: [propext, Classical.choice, Quot.sound]
'WasowRamifiedGauge.rootRadius_pow' depends on axioms: [propext, Classical.choice, Quot.sound]
'WasowRamifiedGauge.rootRadius_rpow' depends on axioms: [propext, Classical.choice, Quot.sound]
'WasowRankSelection.exists_ramified_rank' depends on axioms: [propext, Classical.choice, Quot.sound]
'WasowRankSelection.exists_ramified_successor' depends on axioms: [propext, Classical.choice, Quot.sound]
'WasowRational.eval_sub_polynomialPart' depends on axioms: [propext, Classical.choice, Quot.sound]
'WasowRational.exists_polynomial_part_tail' depends on axioms: [propext, Classical.choice, Quot.sound]
'WasowRational.exists_ray_polynomial_part' depends on axioms: [propext, Classical.choice, Quot.sound]
'WasowRational.norm_ray' depends on axioms: [propext, Classical.choice, Quot.sound]
'WasowRational.polynomial_bound_of_degree_le' depends on axioms: [propext, Classical.choice, Quot.sound]
'WasowRational.polynomial_denominator_bound' depends on axioms: [propext, Classical.choice, Quot.sound]
'WasowRational.properNumerator_degree_lt' depends on axioms: [propext, Classical.choice, Quot.sound]
'WasowRational.proper_quotient_bound' depends on axioms: [propext, Classical.choice, Quot.sound]
'WasowRationalAtInfinity.coefficientOnRay_eq' depends on axioms: [propext, Classical.choice, Quot.sound]
'WasowRationalAtInfinity.coefficient_analytic' depends on axioms: [propext, Classical.choice, Quot.sound]
'WasowRationalAtInfinity.coefficient_eq' depends on axioms: [propext, Classical.choice, Quot.sound]
'WasowRationalAtInfinity.eval_inv' depends on axioms: [propext, Classical.choice, Quot.sound]
'WasowRationalAtInfinity.exists_formal_expansion' depends on axioms: [propext, Classical.choice, Quot.sound]
'WasowRationalAtInfinity.exists_ray_expansion' depends on axioms: [propext, Classical.choice, Quot.sound]
'WasowRationalAtInfinity.numerator_degree_le_order' depends on axioms: [propext, Classical.choice, Quot.sound]
'WasowRationalAtInfinity.rayAnalytic_analytic' depends on axioms: [propext, Classical.choice, Quot.sound]
'WasowRationalAtInfinity.reverse_denom_zero' depends on axioms: [propext, Classical.choice, Quot.sound]
'WasowRationalAtInfinity.scalarCoefficient_analytic' depends on axioms: [propext, Classical.choice, Quot.sound]
'WasowRationalAtInfinity.scalarCoefficient_eq' depends on axioms: [propext, Classical.choice, Quot.sound]
'WasowRationalEvaluation.eventually_pole_free' depends on axioms: [propext, Classical.choice, Quot.sound]
'WasowRationalEvaluation.eventually_value_add' depends on axioms: [propext, Classical.choice, Quot.sound]
'WasowRationalEvaluation.eventually_value_inv' depends on axioms: [propext, Classical.choice, Quot.sound]
'WasowRationalEvaluation.eventually_value_matrix_mul' depends on axioms: [propext, Classical.choice, Quot.sound]
'WasowRationalEvaluation.eventually_value_mul' depends on axioms: [propext, Classical.choice, Quot.sound]
'WasowRationalEvaluation.eventually_value_neg' depends on axioms: [propext, Classical.choice, Quot.sound]
'WasowRationalEvaluation.eventually_value_pow' depends on axioms: [propext, Classical.choice, Quot.sound]
'WasowRationalEvaluation.eventually_value_sub' depends on axioms: [propext, Classical.choice, Quot.sound]
'WasowRationalEvaluation.eventually_value_sum' depends on axioms: [propext, Classical.choice, Quot.sound]
'WasowRationalEvaluation.eventually_value_zpow' depends on axioms: [propext, Classical.choice, Quot.sound]
'WasowRationalEvaluation.value_constant' depends on axioms: [propext, Classical.choice, Quot.sound]
'WasowRationalNormalForm.exists_fixed_phase_normal_form' depends on axioms: [propext, Classical.choice, Quot.sound]
'WasowRationalNormalForm.original_ray_normal_form' depends on axioms: [propext, Classical.choice, Quot.sound]
'WasowRationalNormalForm.ramified_ray_normal_form' depends on axioms: [propext, Classical.choice, Quot.sound]
'WasowRationalNormalForm.rational_ray_normal_form' depends on axioms: [propext, Classical.choice, Quot.sound]
'WasowRationalReduction.exists_rational_reduction_fixed_phases' depends on axioms: [propext,
 Classical.choice,
 Quot.sound]
'WasowRayRotation.coeff_rescale' depends on axioms: [propext, Classical.choice, Quot.sound]
'WasowRayRotation.coeff_rotateCoefficient' depends on axioms: [propext, Classical.choice, Quot.sound]
'WasowRayRotation.coeff_rotateTaylor' depends on axioms: [propext, Classical.choice, Quot.sound]
'WasowRayRotation.constantCoeff_rescale' depends on axioms: [propext, Classical.choice, Quot.sound]
'WasowRayRotation.derivative_rescale' depends on axioms: [propext, Classical.choice, Quot.sound]
'WasowRayRotation.entry_rescale' depends on axioms: [propext, Classical.choice, Quot.sound]
'WasowRayRotation.hasFPowerSeriesAt_rotate' depends on axioms: [propext, Classical.choice, Quot.sound]
'WasowRayRotation.rational_ray_expansion_from_fixed' depends on axioms: [propext, Classical.choice, Quot.sound]
'WasowRayRotation.rescale' depends on axioms: [propext, Classical.choice, Quot.sound]
'WasowRayRotation.rescale_X_pow_mul' depends on axioms: [propext, Classical.choice, Quot.sound]
'WasowRayRotation.rotate_gauge_equation' depends on axioms: [propext, Classical.choice, Quot.sound]
'WasowRayRotation.rotated_coefficients_match' depends on axioms: [propext, Classical.choice, Quot.sound]
'WasowRealization.corrected_derivative_identity' depends on axioms: [propext, Classical.choice, Quot.sound]
'WasowRealization.exists_exact_rayGauge' depends on axioms: [propext, Classical.choice, Quot.sound]
'WasowRealization.exists_normalized_correction' depends on axioms: [propext, Classical.choice, Quot.sound]
'WasowRealization.matrix_product_hasDerivAt' depends on axioms: [propext, Classical.choice, Quot.sound]
'WasowRealization.operatorMatrix_mul_apply' depends on axioms: [propext, Classical.choice, Quot.sound]
'WasowRecurrencePrinciple.exists_formal_reduction_of_step' depends on axioms: [propext, Classical.choice, Quot.sound]
'WasowRecursivePhases.exists_reduction_fixed_phases' depends on axioms: [propext, Classical.choice, Quot.sound]
'WasowRecursivePhases.family_dimension' depends on axioms: [propext, Classical.choice, Quot.sound]
'WasowRecursivePhases.phaseFamily_coeff_zero' depends on axioms: [propext, Classical.choice, Quot.sound]
'WasowRecursivePhases.phaseValue_eq' depends on axioms: [propext, Classical.choice, Quot.sound]
'WasowRecursivePhases.reductionPhaseTree_dimension' depends on axioms: [propext, Classical.choice, Quot.sound]
'WasowRecursivePhases.toPhaseTree_dimension' depends on axioms: [propext, Classical.choice, Quot.sound]
'WasowRecursiveTree.exists_reduction' depends on axioms: [propext, Classical.choice, Quot.sound]
'WasowRecursiveTree.exists_slopeData' depends on axioms: [propext, Classical.choice, Quot.sound]
'WasowRecursiveTree.exists_tree' depends on axioms: [propext, Classical.choice, Quot.sound]
'WasowRecursiveTree.full_shearing_identity' depends on axioms: [propext, Classical.choice, Quot.sound]
'WasowRecursiveTree.numerator_le' depends on axioms: [propext, Classical.choice, Quot.sound]
'WasowRecursiveTree.slope_supported' depends on axioms: [propext, Classical.choice, Quot.sound]
'WasowRecursiveTree.smaller_wellFounded' depends on axioms: [propext, Classical.choice, Quot.sound]
'WasowRecursiveTree.stopping_rank' depends on axioms: [propext, Classical.choice, Quot.sound]
'WasowReductionDescent.degreeMass_strict_drop' depends on axioms: [propext, Classical.choice, Quot.sound]
'WasowReductionDescent.det_diagonal_submatrix' depends on axioms: [propext, Classical.choice, Quot.sound]
'WasowReductionDescent.det_principal_submatrix' depends on axioms: [propext, Classical.choice, Quot.sound]
'WasowReductionDescent.det_replaced_last_row_minor' depends on axioms: [propext, Classical.choice, Quot.sound]
'WasowReductionDescent.det_submatrix_eq_zero_of_not_injective' depends on axioms: [propext,
 Classical.choice,
 Quot.sound]
'WasowReductionDescent.diagonal_initial_minor' depends on axioms: [propext, Classical.choice, Quot.sound]
'WasowReductionDescent.dvd_minorGCD_iff' depends on axioms: [propext, Classical.choice, Quot.sound]
'WasowReductionDescent.initial_sum_le_selection' depends on axioms: [propext, Classical.choice, Quot.sound]
'WasowReductionDescent.le_val_of_strictMono' depends on axioms: [propext, Classical.choice, Quot.sound]
'WasowReductionDescent.minorGCD_diagonal_ne_zero' depends on axioms: [propext, Classical.choice, Quot.sound]
'WasowReductionDescent.minorGCD_dvd_diagonal' depends on axioms: [propext, Classical.choice, Quot.sound]
'WasowReductionDescent.minorGCD_dvd_minor' depends on axioms: [propext, Classical.choice, Quot.sound]
'WasowReductionDescent.minor_degree_le_diagonal' depends on axioms: [propext, Classical.choice, Quot.sound]
'WasowReductionDescent.natDegree_minorGCD_diagonal' depends on axioms: [propext, Classical.choice, Quot.sound]
'WasowReductionDescent.strict_minor_degree_drop' depends on axioms: [propext, Classical.choice, Quot.sound]
'WasowReductionTermination.blockSpace_ne_top' depends on axioms: [propext, Classical.choice, Quot.sound]
'WasowReductionTermination.block_finrank_lt' depends on axioms: [propext, Classical.choice, Quot.sound]
'WasowReductionTermination.combinedStep_wellFounded' depends on axioms: [propext, Classical.choice, Quot.sound]
'WasowReductionTermination.dim_eq_of_step' depends on axioms: [propext, Classical.choice, Quot.sound]
'WasowReductionTermination.dim_lt_of_split' depends on axioms: [propext, Classical.choice, Quot.sound]
'WasowReductionTermination.exists_split_successor' depends on axioms: [propext, Classical.choice, Quot.sound]
'WasowReductionTermination.measure_decreases' depends on axioms: [propext, Classical.choice, Quot.sound]
'WasowReductionTermination.measure_wellFounded' depends on axioms: [propext, Classical.choice, Quot.sound]
'WasowReductionTermination.no_infinite_combined_steps' depends on axioms: [propext, Classical.choice, Quot.sound]
'WasowRegularBlocks.assemble_regularGauge' depends on axioms: [propext, Classical.choice, Quot.sound]
'WasowRegularBlocks.blockMatrix_continuousOn' depends on axioms: [propext, Classical.choice, Quot.sound]
'WasowRegularBlocks.block_scalar_commute' depends on axioms: [propext, Classical.choice, Quot.sound]
'WasowRegularBlocks.exists_block_regularGauge' depends on axioms: [propext, Classical.choice, Quot.sound]
'WasowRegularBlocks.exists_exact_rayGauge_of_regular_blocks' depends on axioms: [propext, Classical.choice, Quot.sound]
'WasowRegularBlocks.exists_uniform_block_regularGauge' depends on axioms: [propext, Classical.choice, Quot.sound]
'WasowRegularGauge.commute_rayPower' depends on axioms: [propext, Classical.choice, Quot.sound]
'WasowRegularGauge.exists_constant_regular_rayGauge' depends on axioms: [propext, Classical.choice, Quot.sound]
'WasowRegularGauge.matrixOperator_mul' depends on axioms: [propext, Classical.choice, Quot.sound]
'WasowRegularGauge.rayLog_hasDerivAt' depends on axioms: [propext, Classical.choice, Quot.sound]
'WasowRegularGauge.rayPowerInverse_continuousAt' depends on axioms: [propext, Classical.choice, Quot.sound]
'WasowRegularGauge.rayPowerInverse_eq' depends on axioms: [propext, Classical.choice, Quot.sound]
'WasowRegularGauge.rayPower_continuousAt' depends on axioms: [propext, Classical.choice, Quot.sound]
'WasowRegularGauge.rayPower_hasDerivAt' depends on axioms: [propext, Classical.choice, Quot.sound]
'WasowRegularGauge.toMatrix_matrixOperator' depends on axioms: [propext, Classical.choice, Quot.sound]
'WasowRegularLeaf.exists_exact_rayGauge_of_scalar_regular_leaf' depends on axioms: [propext,
 Classical.choice,
 Quot.sound]
'WasowRegularLeaf.exists_regularGauge' depends on axioms: [propext, Classical.choice, Quot.sound]
'WasowRegularLeaf.exists_uniform_regular_exponent' depends on axioms: [propext, Classical.choice, Quot.sound]
'WasowRegularLeaf.scalar_diagonal_commute' depends on axioms: [propext, Classical.choice, Quot.sound]
'WasowRegularSingular.exists_polynomial_bounds' depends on axioms: [propext, Classical.choice, Quot.sound]
'WasowRegularSingular.exp_ray_norm_bound' depends on axioms: [propext, Classical.choice, Quot.sound]
'WasowRegularSingular.norm_exp_le' depends on axioms: [propext, Classical.choice, Quot.sound]
'WasowRegularSingular.norm_rayLog_le' depends on axioms: [propext, Classical.choice, Quot.sound]
'WasowRegularSingular.rayPowerInverse_mulVec_bound' depends on axioms: [propext, Classical.choice, Quot.sound]
'WasowRegularSingular.rayPowerInverse_mul_rayPower' depends on axioms: [propext, Classical.choice, Quot.sound]
'WasowRegularSingular.rayPower_mulVec_bound' depends on axioms: [propext, Classical.choice, Quot.sound]
'WasowRegularSingular.rayPower_mul_rayPowerInverse' depends on axioms: [propext, Classical.choice, Quot.sound]
'WasowRegularTail.conjugated_remainder_control' depends on axioms: [propext, Classical.choice, Quot.sound]
'WasowRegularTail.conjugation_norm_bound' depends on axioms: [propext, Classical.choice, Quot.sound]
'WasowRegularTail.exists_small_conjugated_tail' depends on axioms: [propext, Classical.choice, Quot.sound]
'WasowRegularTail.matrix_norm_le_of_mulVec_bound' depends on axioms: [propext, Classical.choice, Quot.sound]
'WasowRegularTail.regular_norm_bounds' depends on axioms: [propext, Classical.choice, Quot.sound]
'WasowRegularTruncation.exists_approximateRayGauge_of_regular_formal_truncation' depends on axioms: [propext,
 Classical.choice,
 Quot.sound]
'WasowRegularTruncation.exists_exact_rayGauge_of_regular_formal_truncation' depends on axioms: [propext,
 Classical.choice,
 Quot.sound]
'WasowRegularTruncation.regular_transformed_identity' depends on axioms: [propext, Classical.choice, Quot.sound]
'WasowScalarGauge.gauge_hasDerivAt' depends on axioms: [propext, Classical.choice, Quot.sound]
'WasowScalarGauge.gauge_inverse' depends on axioms: [propext, Classical.choice, Quot.sound]
'WasowScalarGauge.gauge_norm_bounds' depends on axioms: [propext, Classical.choice, Quot.sound]
'WasowScalarGauge.primitive_hasDerivAt' depends on axioms: [propext, Classical.choice, Quot.sound]
'WasowScalarGauge.primitive_norm_le' depends on axioms: [propext, Classical.choice, Quot.sound]
'WasowScalarGauge.tailExtension_continuous' depends on axioms: [propext, Classical.choice, Quot.sound]
'WasowScalarPhase.addPhase_coeff_zero' depends on axioms: [propext, Classical.choice, Quot.sound]
'WasowScalarPhase.addScalar_rayGauge' depends on axioms: [propext, Classical.choice, Quot.sound]
'WasowScalarPhase.addScalar_removeScalar' depends on axioms: [propext, Classical.choice, Quot.sound]
'WasowScalarPhase.deriv_addPhase' depends on axioms: [propext, Classical.choice, Quot.sound]
'WasowScalarPhase.derivative_rankPhase' depends on axioms: [propext, Classical.choice, Quot.sound]
'WasowScalarPhase.eventually_coefficient_addScalar' depends on axioms: [propext, Classical.choice, Quot.sound]
'WasowScalarPhase.phaseOnRay_addPhase' depends on axioms: [propext, Classical.choice, Quot.sound]
'WasowScalarPhase.polynomial_phase_hasDerivAt' depends on axioms: [propext, Classical.choice, Quot.sound]
'WasowScalarPhase.rankPhase_coeff_zero' depends on axioms: [propext, Classical.choice, Quot.sound]
'WasowScalarPhase.removeScalar_rayGauge' depends on axioms: [propext, Classical.choice, Quot.sound]
'WasowScalarPhase.scalar_family_addback' depends on axioms: [propext, Classical.choice, Quot.sound]
'WasowShearing.conjugate_shear_apply' depends on axioms: [propext, Classical.choice, Quot.sound]
'WasowShearing.exact_transformed_coefficient' depends on axioms: [propext, Classical.choice, Quot.sound]
'WasowShearing.exists_polynomial_mulVec_bounds' depends on axioms: [propext, Classical.choice, Quot.sound]
'WasowShearing.exists_rational_slope' depends on axioms: [propext, Classical.choice, Quot.sound]
'WasowShearing.feedback_two_not_nilpotent' depends on axioms: [propext, Classical.choice, Quot.sound]
'WasowShearing.inverseShear_mul_derivative' depends on axioms: [propext, Classical.choice, Quot.sound]
'WasowShearing.inverseShear_mul_shear' depends on axioms: [propext, Classical.choice, Quot.sound]
'WasowShearing.rational_transformed_coefficient' depends on axioms: [propext, Classical.choice, Quot.sound]
'WasowShearing.shear_hasDerivAt' depends on axioms: [propext, Classical.choice, Quot.sound]
'WasowShearing.shear_mul_inverseShear' depends on axioms: [propext, Classical.choice, Quot.sound]
'WasowShearingExceptional.exists_slope_integral_or_exceptional' depends on axioms: [propext,
 Classical.choice,
 Quot.sound]
'WasowShearingExceptional.fractional_feedback_last_row' depends on axioms: [propext, Classical.choice, Quot.sound]
'WasowShearingExceptional.fractional_leading_trace_zero' depends on axioms: [propext, Classical.choice, Quot.sound]
'WasowShearingExceptional.scalar_part_zero_of_trace_zero' depends on axioms: [propext, Classical.choice, Quot.sound]
'WasowShearingGauge.eventually_sheared_value' depends on axioms: [propext, Classical.choice, Quot.sound]
'WasowShearingGauge.eventually_value_derivativeShear' depends on axioms: [propext, Classical.choice, Quot.sound]
'WasowShearingGauge.eventually_value_shear' depends on axioms: [propext, Classical.choice, Quot.sound]
'WasowShearingGauge.pullback_shearing_rayGauge' depends on axioms: [propext, Classical.choice, Quot.sound]
'WasowShearingGauge.shear_ray_bounds' depends on axioms: [propext, Classical.choice, Quot.sound]
'WasowShearingGauge.shear_ray_hasDerivAt' depends on axioms: [propext, Classical.choice, Quot.sound]
'WasowShearingGauge.shearing_change' depends on axioms: [propext, Classical.choice, Quot.sound]
'WasowShearingLeading.derivative_correction_positive' depends on axioms: [propext, Classical.choice, Quot.sound]
'WasowShearingLeading.exists_leading_slope' depends on axioms: [propext, Classical.choice, Quot.sound]
'WasowShearingLeading.exists_slope_with_leading_feedback' depends on axioms: [propext, Classical.choice, Quot.sound]
'WasowShearingLeading.firstOrder_le' depends on axioms: [propext, Classical.choice, Quot.sound]
'WasowShearingLeading.firstOrder_pos' depends on axioms: [propext, Classical.choice, Quot.sound]
'WasowShearingLeading.firstOrder_spec' depends on axioms: [propext, Classical.choice, Quot.sound]
'WasowShearingLeading.leadingMatrix_above' depends on axioms: [propext, Classical.choice, Quot.sound]
'WasowShearingLeading.leadingMatrix_diagonal_zero' depends on axioms: [propext, Classical.choice, Quot.sound]
'WasowShearingLeading.leadingMatrix_eq_coeff' depends on axioms: [propext, Classical.choice, Quot.sound]
'WasowShearingLeading.leadingMatrix_ne_zero_iff' depends on axioms: [propext, Classical.choice, Quot.sound]
'WasowShearingLeading.leadingMatrix_normalized_rows' depends on axioms: [propext, Classical.choice, Quot.sound]
'WasowShearingLeading.weightedDegree_injective' depends on axioms: [propext, Classical.choice, Quot.sound]
'WasowShearingLeading.weightedDegree_ramified' depends on axioms: [propext, Classical.choice, Quot.sound]
'WasowShearingTermination.exists_successor' depends on axioms: [propext, Classical.choice, Quot.sound]
'WasowShearingTermination.mass_le' depends on axioms: [propext, Classical.choice, Quot.sound]
'WasowShearingTermination.mass_lt_of_fractional' depends on axioms: [propext, Classical.choice, Quot.sound]
'WasowShearingTermination.measure_decreases' depends on axioms: [propext, Classical.choice, Quot.sound]
'WasowShearingTermination.next_mass' depends on axioms: [propext, Classical.choice, Quot.sound]
'WasowShearingTermination.no_infinite_steps' depends on axioms: [propext, Classical.choice, Quot.sound]
'WasowShearingTermination.rank_lt_of_integral' depends on axioms: [propext, Classical.choice, Quot.sound]
'WasowShearingTermination.step_wellFounded' depends on axioms: [propext, Classical.choice, Quot.sound]
'WasowShiftReduction.exists_formal_shift_reduction' depends on axioms: [propext, Classical.choice, Quot.sound]
'WasowShiftReduction.exists_rectangular_step' depends on axioms: [propext, Classical.choice, Quot.sound]
'WasowShiftReduction.shift_mul_apply' depends on axioms: [propext, Classical.choice, Quot.sound]
'WasowSingleEigenBlocks.diagonalBlock_mul' depends on axioms: [propext, Classical.choice, Quot.sound]
'WasowSingleEigenBlocks.diagonalBlock_nilpotent' depends on axioms: [propext, Classical.choice, Quot.sound]
'WasowSingleEigenBlocks.diagonalBlock_pow' depends on axioms: [propext, Classical.choice, Quot.sound]
'WasowSingleEigenBlocks.diagonalBlock_sub_scalar' depends on axioms: [propext, Classical.choice, Quot.sound]
'WasowSingleEigenBlocks.exists_shift_diagonal_similarity' depends on axioms: [propext, Classical.choice, Quot.sound]
'WasowSingleEigenBlocks.lastRowForm_diagonal_rows' depends on axioms: [propext, Classical.choice, Quot.sound]
'WasowSingleEigenBlocks.lastRowForm_of_blocks' depends on axioms: [propext, Classical.choice, Quot.sound]
'WasowSingleEigenBlocks.lastRowForm_offDiagonal_rows' depends on axioms: [propext, Classical.choice, Quot.sound]
'WasowSingleEigenBlocks.lowerBlocks_sub_scalar' depends on axioms: [propext, Classical.choice, Quot.sound]
'WasowSingleEigenBlocks.offDiagonalBlock_sub_scalar' depends on axioms: [propext, Classical.choice, Quot.sound]
'WasowSortedJordan.exists_sorted_equiv' depends on axioms: [propext, Classical.choice, Quot.sound]
'WasowSortedJordan.exists_sorted_jordan_basis' depends on axioms: [propext, Classical.choice, Quot.sound]
'WasowSortedJordan.exists_sorted_jordan_matrix_coordinates' depends on axioms: [propext, Classical.choice, Quot.sound]
'WasowSortedJordan.jordanShift_reindex' depends on axioms: [propext, Classical.choice, Quot.sound]
'WasowTruncatedGauge.eval_zero' depends on axioms: [propext, Classical.choice, Quot.sound]
'WasowTruncatedGauge.exists_inverse_tail_bounds' depends on axioms: [propext, Classical.choice, Quot.sound]
'WasowTruncatedGauge.gauge_hasDerivAt' depends on axioms: [propext, Classical.choice, Quot.sound]
'WasowTruncatedGauge.gauge_inverse_variable_tendsto' depends on axioms: [propext, Classical.choice, Quot.sound]
'WasowTruncatedGauge.gauge_zero' depends on axioms: [propext, Classical.choice, Quot.sound]
'WasowTruncation.coeff_mul_congr_below' depends on axioms: [propext, Classical.choice, Quot.sound]
'WasowTruncation.coeff_shifted_derivative_truncation' depends on axioms: [propext, Classical.choice, Quot.sound]
'WasowTruncation.coeff_truncation' depends on axioms: [propext, Classical.choice, Quot.sound]
'WasowTruncation.defect_coeff_zero' depends on axioms: [propext, Classical.choice, Quot.sound]
'WasowTruncation.defect_divisible' depends on axioms: [propext, Classical.choice, Quot.sound]
'WasowTruncation.truncation_isUnit' depends on axioms: [propext, Classical.choice, Quot.sound]
'WasowTruncationRealization.exists_exact_rayGauge_of_formal_truncation' depends on axioms: [propext,
 Classical.choice,
 Quot.sound]
'WasowVolterra.backward_integral_eq' depends on axioms: [propext, Classical.choice, Quot.sound]
'WasowVolterra.backward_weighted_integrable' depends on axioms: [propext, Classical.choice, Quot.sound]
'WasowVolterra.continuous_extend' depends on axioms: [propext, Classical.choice, Quot.sound]
'WasowVolterra.continuous_retract' depends on axioms: [propext, Classical.choice, Quot.sound]
'WasowVolterra.denormalize_hasDerivAt' depends on axioms: [propext, Classical.choice, Quot.sound]
'WasowVolterra.exists_column_ode' depends on axioms: [propext, Classical.choice, Quot.sound]
'WasowVolterra.exists_phase_difference_column_ode' depends on axioms: [propext, Classical.choice, Quot.sound]
'WasowVolterra.extend_coe' depends on axioms: [propext, Classical.choice, Quot.sound]
'WasowVolterra.extend_of_mem' depends on axioms: [propext, Classical.choice, Quot.sound]
'WasowVolterra.fixed_point_component_hasDerivAt' depends on axioms: [propext, Classical.choice, Quot.sound]
'WasowVolterra.fixed_point_hasDerivAt' depends on axioms: [propext, Classical.choice, Quot.sound]
'WasowVolterra.fixed_point_normalized_ode' depends on axioms: [propext, Classical.choice, Quot.sound]
'WasowVolterra.forward_integral_eq' depends on axioms: [propext, Classical.choice, Quot.sound]
'WasowVolterra.mixed_integral_hasDerivAt' depends on axioms: [propext, Classical.choice, Quot.sound]
'WasowVolterra.retract_coe' depends on axioms: [propext, Classical.choice, Quot.sound]
'WasowVolterra.subtype_integral_eq' depends on axioms: [propext, Classical.choice, Quot.sound]
'WasowWeightedRemainder.exists_small_remainder_tail' depends on axioms: [propext, Classical.choice, Quot.sound]
'WasowWeightedRemainder.exists_small_weighted_inverse_tail' depends on axioms: [propext, Classical.choice, Quot.sound]
'WasowWeightedRemainder.exists_weighted_inverse_tail_bound' depends on axioms: [propext, Classical.choice, Quot.sound]
'WasowWeightedRemainder.normalizedDefect_control' depends on axioms: [propext, Classical.choice, Quot.sound]
